field_1,field_2,field_3,field_4,field_5,G_count,G_mean,G_median,R_count,R_mean,R_median,NIR_count,NIR_mean,NIR_median,RE_count,RE_mean,RE_median,B_count,B_mean,B_median
903,750471.824,6297496.013,24.939,7,236,15793.2330508475,15554.5,236,8604.86440677966,8414,236,19722.1779661017,19122,236,22781.4703389831,22119,236,50.9067796610169,45.5
904,750473.808,6297500.01,24.916,7,235,16335.5531914894,15577,235,8551.99574468085,8342,235,20682.9191489362,19806,235,23669.6978723404,22188,235,47.8425531914894,45
905,750475.904,6297503.834,24.928,7,233,16658.0386266094,16795,233,8756.78540772532,8727,233,20913.5579399142,20326,233,23701.7510729614,23494,233,50.0815450643777,49
906,750478.324,6297508.599,24.911,6.5,233,16118.1802575107,15544,233,8728.87982832618,8353,233,19080.669527897,18615,233,21974.6480686695,21443,233,53.1115879828326,52
907,750481.579,6297515.298,24.96,7,233,16849.2317596567,17076,233,9171.85407725322,9184,233,19037.1931330472,19178,233,22994.5407725322,23329,233,56.5321888412017,51
908,750484.621,6297522.481,24.93,8.5,233,15156.6094420601,15103,233,9386.75965665236,9417,233,15177.1201716738,14815,233,18639.7811158798,17963,233,60.6309012875536,59
909,750491.163,6297531.815,24.914,10,232,13001.5301724138,12446.5,232,8504.38793103448,8280.5,232,11370.7327586207,10895,232,14300.8060344828,13371,232,60.6379310344828,59
910,750493.054,6297536.253,24.894,10,235,10110.8936170213,9382,235,7466.86382978723,7350,235,9102.31914893617,8589,235,10610.0978723404,9597,235,55.5574468085106,50
911,750495.114,6297540.532,24.895,11,232,13252.0129310345,13465,232,8013.81896551724,8355,232,13524.3189655172,12908,232,15790.8793103448,15477,232,58.2198275862069,58
912,750498.106,6297546.83,24.911,10,234,13149.0854700855,11394,234,9242.73504273504,9011.5,234,11504.5128205128,9388,234,14857.6581196581,11992.5,234,62.5042735042735,60.5
913,750500.894,6297553.427,24.935,9,233,10567.5879828326,9911,233,10307.5107296137,10126,233,7476.25321888412,7018,233,10369.7467811159,9469,233,65.7982832618026,63
914,750502.616,6297555.95,24.885,8,234,11666.3846153846,11282,234,9519.92735042735,9385.5,234,8810.00427350427,8746,234,11750.0299145299,11369.5,234,68.457264957265,64
915,750496.963,6297559.084,24.938,7,234,12108.2564102564,10874.5,234,8334.52564102564,8018.5,234,12037.7051282051,10971,234,14351.1794871795,12772.5,234,58.9444444444444,50.5
916,750490.915,6297561.328,24.902,8,234,15903.0811965812,15820.5,234,9880.89316239316,9816.5,234,15650.3974358974,15281,234,19463.594017094,19266.5,234,53.9017094017094,53
917,750487.83,6297562.884,24.924,8,234,15696.7948717949,15223.5,234,10251.5170940171,10217.5,234,18298.8247863248,18239.5,234,21286.3675213675,21381.5,234,46.4188034188034,45
918,750484.059,6297563.924,24.926,7,233,17566.6480686695,17590,233,11659.3776824034,11585,233,22945.5493562232,22381,233,25707.8669527897,25106,233,54.3261802575107,53
919,750479.026,6297561.962,24.93,6,233,17257.4163090129,16987,233,11854.9313304721,11850,233,19164.1759656652,19013,233,23267.1587982833,23076,233,57.5793991416309,56
920,750474.29,6297559.051,24.939,3.5,232,18288.9655172414,18409,232,12135.3922413793,12223.5,232,21337.4482758621,21343,232,25345.6379310345,25260.5,232,55.25,56
921,750472.197,6297556.648,24.971,0,233,17053.3733905579,17075,233,12252.7682403433,12155,233,19140.3261802575,19337,233,22842.4120171674,23096,233,58.4892703862661,55
922,750471.002,6297556.328,24.923,3.5,234,10878.2606837607,10744,234,8127.32478632479,7989.5,234,11981.5897435897,11929,234,13058.4914529915,13081.5,234,42.457264957265,41
923,750464.654,6297557.096,24.944,7,236,16523.4703389831,16000,236,12043.7033898305,11625.5,236,17474.6440677966,16898.5,236,21217.8855932203,20254,236,63.3686440677966,58
924,750458.661,6297557.962,24.95,8,236,16836.1228813559,16863,236,11699.0296610169,11377,236,19059.4576271186,19243,236,22544.6737288136,22722,236,54.6694915254237,49.5
925,750448.196,6297559.062,24.966,10,233,16447.356223176,16107,233,11434.4377682403,11069,233,18955.0515021459,18585,233,21674.6824034335,21474,233,56.4377682403433,53
926,750440.921,6297559.933,24.977,5,232,16392.5732758621,16203.5,232,11152.9525862069,10907,232,18799.2025862069,18950.5,232,21728.9913793103,21839.5,232,49.3534482758621,47
927,750433.641,6297559.309,24.971,6,233,15964.7339055794,15596,233,11096.7982832618,10978,233,19255.313304721,19293,233,21476.8283261803,21176,233,51.8497854077253,52
928,750426.741,6297560.208,24.984,5,235,16708.4808510638,16556,235,11935.2510638298,11670,235,19383.4893617021,19163,235,22250.6808510638,22142,235,59.9404255319149,58
929,750425.093,6297560.822,24.99,4,234,12825.7478632479,11435.5,234,13289.0341880342,12445,234,10610.3888888889,9237.5,234,13799.1367521368,11536,234,69.5213675213675,65.5
930,750418.998,6297561.615,25,5,233,15855.0128755365,16753,233,13135.5922746781,13163,233,16319.1459227468,17136,233,19591.5064377682,20465,233,67.5364806866953,64
931,750407.976,6297562.382,24.998,5,234,15757.3461538462,15857,234,11490.2435897436,11377,234,17557.2264957265,17435,234,20518.0427350427,20000.5,234,58.3418803418803,52.5
932,750399.722,6297562.024,25.002,2,233,15056.5708154506,14908,233,11589.6394849785,11284,233,15768.7381974249,15507,233,18635.7381974249,17931,233,64.2317596566524,61
933,750398.003,6297561.941,25.03,2,234,15411.3076923077,15376.5,234,11100.6495726496,11015,234,17679.8760683761,17953,234,19971.2564102564,20161,234,59.8247863247863,56
934,750395.973,6297562.135,24.995,3,231,14811.4632034632,14853,231,10385.8831168831,10491,231,18069.4935064935,18063,231,19899.5974025974,20061,231,53.8571428571429,54
935,750391.683,6297562.402,24.997,5,233,17329.6652360515,16726,233,12829.5021459227,12559,233,17806.5793991416,17455,233,21515.1630901288,20956,233,69.31330472103,65
936,750387.705,6297560.793,25.037,1,234,15702.0598290598,15329,234,12532.8846153846,12273,234,14682.8974358974,14174.5,234,18471.8076923077,18228.5,234,68.0854700854701,67
937,750389.343,6297559.865,25.021,0,233,16473.2403433476,16496,233,12256.5064377682,12179,233,16961.0643776824,16735,233,20355.2875536481,20091,233,63.9742489270386,63
938,750390.506,6297558.941,25.057,0,234,15826.2564102564,15651,234,11278.0641025641,10955.5,234,16960.0341880342,16576.5,234,20075.0213675214,19822,234,57.2179487179487,54
939,750386.957,6297559.759,25.013,0,240,16095.3375,15940.5,240,11754.3208333333,11683.5,240,16529.3583333333,16301,240,19885.8416666667,19566,240,64.95,63
940,750386.045,6297560.417,25.018,1,232,16919.0775862069,16632.5,232,11994.3577586207,11538.5,232,17917.9956896552,17328,232,21373.7974137931,20764,232,63.6896551724138,59
941,750384.873,6297560.46,24.994,1,233,15788.4463519313,15422,233,11877.8025751073,11551,233,16113.5364806867,15828,233,19681.5536480687,19010,233,65.381974248927,61
942,750381.24,6297561.482,24.95,5,236,15986.2330508475,15865,236,11106.2923728814,11071.5,236,18491.0211864407,18699,236,21354.0508474576,21666,236,55.0042372881356,51
943,750376.215,6297553.185,25.019,5,237,15862.9915611814,15306,237,11221.1265822785,10941,237,17517.9915611814,16843,237,20026.6286919831,19123,237,58.4303797468354,57
944,750367.495,6297554.451,25.016,4,231,15793.7878787879,15638,231,10915.0043290043,10575,231,18941.9047619048,18911,231,21285.2077922078,21144,231,47.6580086580087,46
945,750361.705,6297554.994,25.028,3,233,17357.5321888412,17079,233,12128.0300429185,11765,233,19333.0987124464,19203,233,22869.7210300429,22684,233,58.6652360515021,54
946,750355.127,6297555.628,25.007,4.5,233,12310.4978540773,11633,233,9417.43347639485,8890,233,13368.9957081545,13145,233,15345.9055793991,14801,233,42.8841201716738,38
947,750355.137,6297555.644,25.004,4.5,233,12400.7167381974,11724,233,9491.58369098713,9008,233,13436.4849785408,13145,233,15460.7253218884,14834,233,43.4849785407725,38
948,750351.234,6297556.725,25.023,3,236,14225.7033898305,13765,236,10164.9322033898,9981.5,236,17676.2372881356,17476,236,19663.9406779661,19034,236,48.1737288135593,45
949,750350.648,6297558.452,25.013,0,234,14673.6666666667,14432.5,234,11376.094017094,11228.5,234,15364.9188034188,14561.5,234,18462.7393162393,17700,234,58.5598290598291,53
950,750349.049,6297558.504,25.01,0,232,16717.0603448276,16839,232,11750.8965517241,11789,232,20567.5818965517,20699,232,23743.3232758621,23969,232,50.3663793103448,48.5
951,750347.663,6297558.831,25.034,0,233,16458.4463519313,16608,233,11676.6824034335,11438,233,19974.5879828326,19694,233,23017.6738197425,23032,233,51.0300429184549,49
952,750347.408,6297559.807,25.014,0,232,14832.8577586207,14651,232,11519.900862069,11282.5,232,15720.4310344828,15491,232,18764.0172413793,18529,232,55.9698275862069,50
953,750345.494,6297558.983,25.032,0,234,15933.6581196581,15945,234,11491.6794871795,11438.5,234,19237.7606837607,18993.5,234,21977.1111111111,21691.5,234,53.3119658119658,48
954,750344.425,6297559.866,24.992,0,232,15556.6896551724,15281.5,232,10997.2586206897,10919.5,232,18463.9568965517,18023.5,232,21284.2198275862,20860,232,47.2844827586207,44
955,750343.036,6297560.543,25.032,0,233,17613.9613733906,18019,233,12247.1416309013,12307,233,21085.3175965665,22067,233,24407.7939914163,25365,233,50.7124463519313,44
956,750342.812,6297559.423,25.024,1,232,14798.2586206897,14715,232,10463.8318965517,10311,232,17688.2327586207,17600.5,232,20160.3534482759,19707.5,232,44.1810344827586,43
957,750341.947,6297560.933,25.008,0,236,16115.5423728814,15947.5,236,11220.9618644068,11094.5,236,19314.063559322,19066,236,21964.8728813559,21537,236,47.3135593220339,46.5
958,750342.5,6297562.366,25.046,0,235,13880.3234042553,13800,235,9790.04255319149,9722,235,16722.8042553191,16531,235,18680.2170212766,18322,235,40.736170212766,39
959,750342.013,6297564.056,25.024,0,233,13416.7038626609,12813,233,9804.92274678112,9269,233,15866.3733905579,14755,233,17517.1459227468,16158,233,44.8454935622318,40
960,750342.691,6297565.714,25.001,0,235,17336.3191489362,16613,235,11899.314893617,11479,235,22174.1872340426,21658,235,24234.1787234043,23381,235,57.2,54
961,750341.355,6297566.623,25.01,0,231,15637.5064935065,15379,231,11242.1731601732,11110,231,18390.1731601732,18100,231,20799.4329004329,20237,231,53.1341991341991,49
962,750340.186,6297567.531,25.036,0,231,13581.0476190476,12677,231,10692.2943722944,10195,231,14128.7012987013,13422,231,16247.9090909091,14908,231,58.987012987013,52
963,750339.593,6297568.485,25.03,1,232,14638.025862069,13110,232,11760.1077586207,11266.5,232,15093.4784482759,13374,232,17714.1724137931,15170,232,68.2327586206897,64
964,750337.931,6297569.391,25.021,1,234,14121.5598290598,13990.5,234,10793.2905982906,10512,234,14618.9188034188,14309,234,16975.2991452991,16809,234,58.6239316239316,56.5
965,750336.722,6297568.406,25.016,0,233,14533.4721030043,14175,233,11194.4120171674,10871,233,16207.8240343348,15214,233,18536.3862660944,17516,233,57.5321888412017,54
966,750335.293,6297567.55,25.028,0,241,16613.3817427386,16822,241,11652.6597510373,11831,241,21865.8755186722,22148,241,23609.2365145228,23631,241,57.0248962655602,54
967,750335.287,6297567.552,25.039,0,233,16692.6051502146,16932,233,11702.678111588,11847,233,21948.660944206,22214,233,23703.4978540773,23637,233,57.1158798283262,54
968,750334.116,6297565.933,25.041,0,233,12752.8068669528,12105,233,9772.45064377682,9245,233,14577.321888412,13654,233,16203.356223176,14846,233,50.0343347639485,48
969,750332.765,6297565.575,25.048,0,234,16072.8974358974,16120,234,11379.4871794872,11253.5,234,19958.2222222222,20215.5,234,21922.2393162393,22366,234,55.2393162393162,54
970,750330.116,6297566.306,25.06,-1,232,14921.4525862069,14805,232,10625.5603448276,10420,232,17993.2413793103,17635.5,232,19765.9655172414,19347.5,232,50.8275862068966,46
971,750331.116,6297563.196,25.039,1,233,16940.8369098712,16824,233,11762.7639484979,11549,233,21548.2103004292,21786,233,24063.9785407725,24149,233,54.244635193133,51
972,750334.748,6297560.364,25.007,1,234,17807.1666666667,16787.5,234,12442.8290598291,11814,234,21243.1452991453,21024,234,24760.9615384615,23686,234,56.5854700854701,51
973,750336.983,6297558.657,25.008,1,233,14759.5107296137,12689,233,12636.5064377682,12257,233,14846.9141630901,11951,233,18401.7553648069,13770,233,59.7896995708155,46
974,750339.621,6297556.588,25.052,1,236,16961.5042372881,16490.5,236,11855.1949152542,11577,236,20296.2754237288,19687.5,236,23696.4152542373,22826.5,236,50.8432203389831,47
975,750344.34,6297556.655,25.056,0,235,15745.7276595745,15671,235,10930.9063829787,10453,235,18657,18391,235,21838.1617021277,21524,235,45.0595744680851,43
976,750344.385,6297553.029,25.029,0,232,16133.5818965517,15370.5,232,11598.125,11015,232,18019.9439655172,17813,232,21967.75,21293,232,52.2155172413793,47
977,750342.552,6297554.557,25.026,0,232,16037.3965517241,16133.5,232,11168.375,11083,232,19074.6767241379,18782,232,22620.8836206897,22637.5,232,47.3189655172414,44
978,750340.259,6297554.715,25.038,0,236,17943.7838983051,17946,236,12924.25,12602.5,236,21434.343220339,22051,236,25193.6779661017,26164,236,59.8347457627119,58.5
979,750338.812,6297553.627,25.055,0,234,14491.4615384615,13931.5,234,11300.2863247863,11123.5,234,15660.9786324786,14505.5,234,18859.3461538462,17811.5,234,53.2521367521367,48.5
980,750336.522,6297553.815,25.006,1,232,14536.4181034483,14279,232,11275.1551724138,10820,232,15241.0775862069,15089,232,18203.1077586207,17891,232,59.4224137931034,54.5
981,750335.076,6297555.365,25.023,0,235,16053.2723404255,15512,235,11882.0425531915,11188,235,17629.5234042553,17159,235,21281.1021276596,20163,235,55.2382978723404,51
982,750332.963,6297555.179,25.038,0,235,15269.5276595745,15445,235,12132.9531914894,12152,235,16007.8765957447,15724,235,19759.8468085106,19211,235,54.3404255319149,46
983,750331.426,6297554.401,25.006,2,234,16715.6666666667,16252.5,234,12356.1282051282,12075.5,234,18538.2564102564,17537,234,22416.5170940171,21381.5,234,53.2393162393162,50
984,750333.587,6297552.492,25.016,3,235,16818.3361702128,16521,235,11903.7361702128,11878,235,19572.914893617,19096,235,23235.6510638298,22466,235,49.663829787234,44
985,750333.206,6297550.433,25.009,3,238,15334.9537815126,14540,238,14511,14334,238,13927.756302521,12856,238,18370.525210084,16616,238,59.5084033613445,54.5
986,750332.108,6297549.438,24.945,5,232,13140.9439655172,12469,232,12763.0646551724,12559,232,11676.0689655172,11055,232,14567.0948275862,13093,232,70.75,63
987,750322.553,6297554.843,25.004,3,233,12149.4935622318,11437,233,10789.982832618,10504,233,10575.6909871245,10065,233,13782.2231759657,12878,233,56.1802575107296,50
988,750319.998,6297556.068,25.001,4,235,9867.43829787234,9215,235,9903.89361702128,9603,235,8162.16595744681,7670,235,10236.0340425532,9457,235,58.6297872340426,51
989,750315.702,6297558.496,25.036,0,233,15777.1888412017,15273,233,12487.7682403433,11670,233,17131.0557939914,17150,233,20709.2231759657,20235,233,56.4549356223176,43
990,750313.744,6297559.178,25.033,0,236,16293.0042372881,15611,236,11476.9491525424,10956,236,20007.4576271186,19863.5,236,22911.9491525424,22445.5,236,52.3516949152542,43
991,750312.146,6297560.048,25.045,0,232,14009.5646551724,13856.5,232,10006.5,9902,232,16490.3836206897,16281.5,232,19248.2974137931,18696.5,232,44.7672413793103,43
992,750311.666,6297560.798,25.042,0,233,14217.5107296137,14108,233,10218.6738197425,9984,233,17360.7296137339,16699,233,19859.2017167382,19662,233,40.3476394849785,35
993,750309.669,6297560.408,25.049,0,235,21169.4638297872,21276,235,15811.1361702128,15719,235,21837.5872340426,22170,235,28140.9446808511,28673,235,77.5191489361702,80
994,750308.287,6297561.05,25.027,0,235,19234.8765957447,19036,235,13245.8638297872,13324,235,22053.4510638298,21464,235,27018.429787234,26369,235,60.4425531914894,60
995,750308.207,6297562.89,25.022,0,233,15009.3090128755,15038,233,10742.4592274678,10798,233,17487.5965665236,17671,233,20318.7167381974,20926,233,50.0901287553648,50
996,750306.191,6297563.537,25.042,0,234,14410.7179487179,14545,234,10273.9230769231,10119,234,17410.6794871795,17336.5,234,19809.5512820513,19999.5,234,44.542735042735,40.5
997,750308.124,6297564.318,24.984,0,233,14928.5364806867,15362,233,10840.8025751073,11084,233,17633.2274678112,17208,233,20481.5922746781,20553,233,49.618025751073,48
998,750308.483,6297566.697,25.022,0,233,15553.2446351931,15667,233,10686.1888412017,10591,233,19993.5836909871,20076,233,22165.6909871245,22258,233,46.4592274678112,45
999,750308.016,6297569.34,25.01,0,234,16869.5256410256,16396,234,11635.0769230769,11258,234,21852.9316239316,21785,234,24232.0811965812,23924,234,49.1709401709402,47.5
1000,750304.97,6297570.407,25.004,0,232,15893.6034482759,15488,232,11376.2327586207,11031.5,232,18960.0775862069,18730,232,21617,20974.5,232,54.4051724137931,51.5
1001,750302.851,6297568.152,25.009,0,232,12770.3405172414,10309,232,11720.1293103448,10154.5,232,12539.0517241379,10397,232,15049.6637931034,11151,232,61.7844827586207,54
1002,750301.453,6297567.681,25.038,0,236,18743.75,18426,236,12951.2245762712,12566.5,236,21515.1313559322,21574.5,236,26501.8728813559,26300,236,55.4025423728814,49
1003,750300.222,6297565.401,25.032,0,233,14658.6180257511,14245,233,11268.6008583691,10786,233,16352.6266094421,15933,233,19485.991416309,18581,233,48.6995708154506,45
1004,750298.754,6297565.407,25.072,0,231,13060.6926406926,12894,231,10570.670995671,10662,231,13011.1038961039,12460,231,16364.2727272727,15309,231,52.4675324675325,49
1005,750301.506,6297563.848,25.043,0,233,12466.1587982833,11119,233,11669.1587982833,10763,233,10984.4463519313,10376,233,13728.1373390558,11704,233,65.5150214592275,54
1006,750296.262,6297567.109,25.014,0,234,12195.4188034188,11097.5,234,10206.3076923077,9631.5,234,12112.4786324786,10936.5,234,14324.9230769231,12540,234,56.2606837606838,49
1007,750293.709,6297569.082,25.058,0,235,13564.1957446809,13250,235,11597.4680851064,11171,235,12417.8893617021,11795,235,15710.4127659574,14738,235,66.4893617021277,63
1008,750292.631,6297571.116,25.03,0,234,20178.5982905983,19759,234,13713.5555555556,13258,234,24402.1623931624,24479,234,28704.5897435897,28764.5,234,60.2008547008547,57.5
1009,750292.155,6297572.288,25.021,0,236,16633.4957627119,16475,236,11386.1440677966,11236.5,236,19152.5211864407,19047.5,236,22737.8771186441,22333.5,236,49.3093220338983,48
1010,750292.293,6297574.725,25.004,1,232,13851.7586206897,13553.5,232,9655.75431034483,9444,232,16923.7931034483,16842,232,18859.0431034483,18571,232,42.9698275862069,41
1011,750289.75,6297575.087,25.003,1,235,17141.3191489362,17414,235,14162.9829787234,13892,235,16896.3872340426,17190,235,21449.1787234043,21172,235,70.9702127659574,69
1012,750288.816,6297574.765,25.054,0,234,12901.8931623932,11066,234,12462.4658119658,12435,234,11919.8504273504,10147.5,234,14959.235042735,11858.5,234,72.4358974358974,73
1013,750281.731,6297577.263,25.019,9,235,17126.4127659574,17026,235,11504.3276595745,11413,235,20353.0936170213,20206,235,24042.8382978723,23706,235,48.9574468085106,45
1014,750273.864,6297578.606,25.07,7,233,17173.1673819743,16132,233,12333.0472103004,11589,233,19020.0987124464,18488,233,22925.4034334764,21497,233,57.0944206008584,49
1015,750261.36,6297581.633,25.089,9,232,14584.1767241379,12903.5,232,15674.8620689655,15325.5,232,11786.3793103448,10046,232,15253.7413793103,12871,232,80.2112068965517,78.5
1016,750253.494,6297585.414,25.119,7,236,17185.7161016949,17230,236,11986.5338983051,11838.5,236,19730.0042372881,19922.5,236,23360.5127118644,23659,236,52.6016949152542,48
1017,750246.069,6297587.856,25.081,6.5,233,16198.3733905579,16171,233,12166.1115879828,11912,233,16559.330472103,16616,233,20016.2017167382,20315,233,56.8412017167382,56
1018,750239.036,6297591.422,25.1,7,235,13498.9063829787,13550,235,9455.77872340426,9350,235,16776.1361702128,16614,235,18604.8212765957,18425,235,43.0212765957447,41
1019,750232.099,6297593.041,25.079,8.5,235,16260.5191489362,15222,235,13568.8,13135,235,13917.9276595745,13237,235,18179.2212765957,16690,235,73.9574468085106,74
1020,750225.127,6297595.313,25.102,7,233,18047,18310,233,12471.2017167382,12697,233,19774.8412017167,20203,233,24033.1030042918,24054,233,59.5579399141631,58
1021,750225.032,6297595.285,25.111,7,233,17213.5965665236,17660,233,12211.1502145923,12281,233,18284.0386266094,18206,233,22368.7210300429,22593,233,60.480686695279,58
1022,750218.844,6297598.287,25.117,5,233,16570.2660944206,15555,233,12321.4678111588,11468,233,17157.7811158798,16632,233,20478.0643776824,19128,233,63.6437768240343,55
1023,750215.795,6297598.728,25.107,4,235,9432.33617021277,8773,235,9968.34893617021,9612,235,7090.67234042553,6343,235,8923.23829787234,7665,235,63.2851063829787,59
1024,750209.115,6297601.099,25.101,11,234,12680.4145299145,11555,234,15721.0256410256,15512.5,234,8097.13675213675,7235,234,11056.6794871795,9593.5,234,98.1068376068376,97
1025,750205.638,6297602.546,25.143,8,232,13270.650862069,12296.5,232,13591.2198275862,13062.5,232,8941.31896551724,8338,232,12416.4181034483,11553.5,232,89.8879310344828,85
1026,750199.867,6297603.819,25.076,15,233,10945.8025751073,9265,233,13395.2575107296,10975,233,8054.00858369099,7209,233,9698.51502145923,8234,233,96.3047210300429,85
1027,750188.906,6297610.08,25.203,8,235,16485.0936170213,16191,235,11090.6765957447,10828,235,20662.685106383,20436,235,23612.3744680851,23473,235,53.6808510638298,51
1028,750184.434,6297611.821,25.215,6,233,15153.2017167382,14637,233,11125.8454935622,11023,233,17324.0214592275,15682,233,19899.7510729614,18521,233,61.1845493562232,53
1029,750177.667,6297613.118,25.198,6,236,11352.7669491525,11500.5,236,9247.99152542373,9242.5,236,11494.2669491525,11295,236,13796.4322033898,13712.5,236,53.9830508474576,48
1030,750172.465,6297615.335,25.191,6,234,16978.4957264957,16414,234,12951.4102564103,12413,234,17154.9358974359,15986,234,21612.0641025641,19999,234,71.9444444444444,70
1031,750165.721,6297617.32,25.216,8,234,14246.9273504273,14129,234,11515.6025641026,11496.5,234,13060.8205128205,12479.5,234,16913.2307692308,16432,234,69.9059829059829,66
1032,750162.292,6297620.434,25.229,7,233,16024.339055794,15966,233,11137.356223176,10858,233,17760.1330472103,17607,233,21498.9098712446,21221,233,55.6909871244635,52
1033,750159.047,6297621.983,25.254,5,235,17117.9446808511,17113,235,11179.2425531915,11201,235,21621.8340425532,21780,235,24539.1234042553,24204,235,49.6297872340426,46
1034,750156.202,6297622.096,25.287,5,234,19446.1837606838,19500,234,13645.6324786325,13529,234,22508.9487179487,22669,234,27170.547008547,27632.5,234,69.4017094017094,67
1035,750151.82,6297622.81,25.25,9,232,20257.3577586207,19687.5,232,20513.25,19936.5,232,16381.4353448276,15802,232,21148.5,19994.5,232,131.288793103448,132
1036,750140.946,6297624.688,25.306,2,235,15811.2808510638,15418,235,10599.9234042553,10287,235,19380.8936170213,18997,235,22017.6765957447,21236,235,51.6765957446809,47
1037,750138.577,6297625.06,25.308,3,233,17536.1931330472,17360,233,11271.0987124464,11084,233,21299.3905579399,21333,233,24710.6094420601,24394,233,51.3690987124464,48
1038,750137.728,6297626.299,25.337,0,234,14576.1111111111,14675.5,234,10991.8974358974,10940,234,14753.4145299145,14319,234,17866.047008547,17428.5,234,61.3888888888889,59
1039,750134.734,6297623.103,25.28,5,234,14007.0512820513,13398.5,234,9647.26068376068,9143,234,15814.7307692308,15253,234,18274.735042735,17557.5,234,50.9188034188034,47
1040,750131.324,6297622.481,25.294,3,233,14934.5965665236,14855,233,10034.3948497854,9780,233,17370.6394849785,17270,233,20052.4763948498,19727,233,45.4163090128755,44
1041,750125.446,6297623.192,25.314,3,233,16885.1158798283,16527,233,11076.8583690987,10938,233,21806.1587982833,21575,233,24181.0300429185,23860,233,51.4635193133047,48
1042,750124.07,6297623.011,25.29,1,233,15809.9871244635,15550,233,10551.5665236051,10163,233,20530.2875536481,20602,233,22527.6309012876,22093,233,50.7768240343348,49
1043,750120.932,6297623.79,25.315,2,237,16338.6033755274,16248,237,10668.9746835443,10446,237,19844.9156118143,19947,237,22637.7721518987,22554,237,48.5021097046413,48
1044,750115.426,6297623.78,25.314,3,233,16287.8841201717,16108,233,10779.4721030043,10615,233,22449.5450643777,21988,233,23926.2746781116,23927,233,52.6008583690987,51
1045,750111.819,6297624.383,25.329,3,233,15277.3090128755,15268,233,10234.5793991416,10043,233,18681.7725321888,19084,233,21501.2446351931,21686,233,48.7124463519313,46
1046,750108.214,6297625.743,25.317,0,234,16618.6495726496,16717,234,11073.6324786325,10984.5,234,19813.1025641026,19779,234,23130.3247863248,23170.5,234,51.0897435897436,50.5
1047,750106.824,6297626.341,25.334,0,236,14046.7838983051,14113.5,236,9530.90677966102,9320,236,16480.4576271186,16483,236,18775.2838983051,19062,236,44.5127118644068,41.5
1048,750107.404,6297627.689,25.305,1,233,16800.347639485,16647,233,10913.4806866953,10809,233,21022.8755364807,20700,233,23820.8583690987,23222,233,43.7467811158798,42
1049,750103.922,6297626.559,25.333,1,233,14604.6652360515,14032,233,11037.025751073,10927,233,15409.1759656652,14778,233,18486.8583690987,17606,233,52.6051502145923,48
1050,750101.176,6297627.04,25.356,0,233,15424.0987124464,14798,233,12035.7854077253,11720,233,15897.9527896996,15523,233,19582.7124463519,18440,233,62.0257510729614,58
1051,750102.249,6297625.55,25.319,1,233,15784.9313304721,15533,233,11106.9227467811,10952,233,17323.8454935622,16880,233,20992.4849785408,20511,233,53.656652360515,51
1052,750100.009,6297626.666,25.369,0,235,15280.1744680851,15259,235,11521.1659574468,11579,235,15156.6765957447,14849,235,19099.9446808511,18569,235,59.2297872340426,58
1053,750098.866,6297628.138,25.327,0,234,13896.3888888889,13218.5,234,11113.3803418803,10805.5,234,13727.8931623932,13039,234,16784.952991453,15791,234,60.8547008547009,57
1054,750100.138,6297629.577,25.355,0,233,14684.4034334764,14371,233,10420.330472103,10338,233,15897.2446351931,15770,233,19062.9313304721,18709,233,47.1459227467811,45
1055,750101.684,6297629.698,25.251,2,232,14587.3405172414,14544.5,232,10282.0344827586,10257.5,232,15367.400862069,15094,232,18560.0215517241,18355.5,232,51.0215517241379,50
1056,750102.547,6297630.354,25.33,0,233,13779.8197424893,13155,233,9826.9313304721,9370,233,15288.4763948498,14746,233,17625.2060085837,16643,233,50.5922746781116,48
1057,750101.733,6297631.774,25.4,-1,233,16346.1802575107,16437,233,12576.4592274678,12671,233,16793.7725321888,16414,233,20468.356223176,20317,233,62.9098712446352,61
1058,750100.797,6297632.552,25.393,-1,234,13011.8717948718,12356.5,234,10137.1153846154,9924.5,234,13340.8717948718,12692.5,234,15904.264957265,14992.5,234,53.1196581196581,47
1059,750100.009,6297632.059,25.405,-1,236,13500.593220339,13534.5,236,9920.09745762712,9740.5,236,15115.3728813559,15047,236,17296.1228813559,17228,236,45.3813559322034,43
1060,750102.357,6297631.762,25.407,-1,233,13976.7982832618,13497,233,10592.7339055794,10211,233,14577.30472103,14248,233,17296.4248927039,16300,233,56.6652360515021,53
1061,750104.478,6297631.574,25.403,-1,233,14074.3175965665,13530,233,9903.32618025751,9540,233,17097.5321888412,16685,233,18937.2832618026,18281,233,46.8969957081545,44
1062,750106.295,6297631.623,25.384,0,233,16124.8369098712,16054,233,11148.2746781116,10940,233,19467.6738197425,19271,233,22100.5021459227,22028,233,51.0557939914163,49
1063,750107.793,6297630.935,25.36,0,233,15950.364806867,15813,233,10722.0729613734,10691,233,18483.347639485,18160,233,21225.3433476395,21157,233,53.4763948497854,51
1064,750099.863,6297636.8,25.302,7.5,234,16315.7991452991,15620,234,12461.2008547009,11980.5,234,15169.5897435897,14568.5,234,19301.9572649573,18199.5,234,75.2179487179487,71
1065,750097.204,6297637.259,25.346,6,232,15475.6853448276,15318.5,232,10647.7543103448,10515,232,17762.8017241379,17497,232,20445.125,20233.5,232,51.9698275862069,47
1066,750092.894,6297638.12,25.348,4,233,13746.8154506438,14080,233,9307.90987124464,9503,233,18051.7381974249,18906,233,18615.2145922747,19512,233,45.4163090128755,44
1067,750089.149,6297638.942,25.33,6,235,16143.885106383,16340,235,10395.0680851064,10454,235,19560.3446808511,19601,235,21149.3617021277,21237,235,56.5063829787234,54
1068,750092.596,6297641.199,25.297,7,233,17597.8240343348,17210,233,10998.0901287554,10816,233,23665.69527897,23628,233,25002.0686695279,24726,233,54.3304721030043,52
1069,750099.003,6297639.991,25.355,6,235,17309.5063829787,16473,235,11627.8765957447,11247,235,19483.6638297872,18593,235,22971.2425531915,21439,235,56.8085106382979,52
1070,750104.493,6297640.104,25.353,5,234,17417.9017094017,16910,234,11436.9316239316,11219.5,234,21351.547008547,21232.5,234,24493.0555555556,24555.5,234,53.1495726495726,53.5
1071,750106.004,6297638.82,25.3,5,232,17687.275862069,17585,232,11584.7543103448,11458.5,232,21919.0732758621,21884.5,232,25138.0431034483,25061.5,232,56.7931034482759,52.5
1072,750096.104,6297622.913,25.346,0,234,15723.3803418803,14651,234,11645.6452991453,11351.5,234,16624.7094017094,15416,234,20588.2136752137,19304.5,234,55.1538461538462,53
1073,750098.74,6297622.156,25.323,0,234,13684.1666666667,13302.5,234,10394.1623931624,10119,234,13905.188034188,13064.5,234,17129.3547008547,16003.5,234,54.034188034188,50
1074,750100.288,6297620.758,25.335,0,234,16772.4444444444,16277,234,12051.6367521368,11678,234,18768.4017094017,17888.5,234,22857.8846153846,21968.5,234,58.474358974359,55
1075,750099.266,6297619.922,25.306,0,233,15554.4163090129,15025,233,10724.8240343348,10396,233,19247.0772532189,18885,233,22332.7038626609,22043,233,47.824034334764,42
1076,750097.351,6297618.746,25.333,2,232,16160.1810344828,15977,232,10626.3534482759,10481,232,21022.4655172414,21044,232,23778.6810344828,23624.5,232,44.2931034482759,39
1077,750092.593,6297619.316,25.336,3,232,19143.974137931,19008,232,12830.4956896552,12512,232,22360.3448275862,22400.5,232,27179.6422413793,27537.5,232,54.1637931034483,49
1078,750090.827,6297617.183,25.357,0,236,15692.3008474576,15450,236,10831.2118644068,10611.5,236,16135.1779661017,16293,236,20078.7161016949,20059,236,57.5762711864407,57.5
1079,750085.585,6297614.272,25.253,12,233,15577.5064377682,15699,233,10701.025751073,10686,233,15725.2746781116,15892,233,18887.313304721,18933,233,57.343347639485,54
1080,750082.335,6297604.604,25.286,6,232,13639.5043103448,12579.5,232,9598.64655172414,9101,232,14148.525862069,12917.5,232,16172.6896551724,14546,232,52.1508620689655,45
1081,750082.636,6297603.113,25.334,4,231,14874.3722943723,14021,231,9905.1341991342,9353,231,18020.0216450216,17146,231,18937.8528138528,17851,231,50.008658008658,40
1082,750083.338,6297601.159,25.287,6.5,234,16411.3461538462,16372.5,234,10530.6923076923,10352,234,19855.141025641,20324,234,21060.5512820513,21402.5,234,50.6581196581197,44
1083,750074.941,6297605.136,25.28,9,235,14857.5872340426,15244,235,9761.73617021277,9951,235,20428.5319148936,21104,235,20838.3531914894,21657,235,48.0340425531915,47
1084,750069.732,6297607.758,25.322,4,233,16794.7896995708,16474,233,10640.025751073,10666,233,23870.0944206009,24378,233,25591.5751072961,26090,233,52.3347639484979,45
1085,750067.098,6297608.764,25.321,4,234,14026.1752136752,13891,234,9004.25641025641,8806.5,234,19744.3205128205,19934,234,21115.1111111111,21135.5,234,42.8418803418803,37.5
1086,750063.793,6297609.292,25.327,3,232,9040.74568965517,8375,232,7430.87931034483,6797,232,9554.36637931034,9067,232,10423.2068965517,9661.5,232,43.1896551724138,34
1087,750058.656,6297609.048,25.328,8,233,17146.3175965665,15794,233,12722.0429184549,12968,233,16804.313304721,14869,233,21414.9313304721,18100,233,74.2832618025751,72
1088,750054.61,6297609.899,25.387,9,233,18522.8068669528,17457,233,12693.1587982833,12435,233,18627.1244635193,17073,233,23842.4291845494,21435,233,67.6695278969957,67
1089,750052.131,6297611.509,25.477,4.5,233,9753.59227467811,9059,233,7543.36051502146,6739,233,10401.5236051502,9756,233,11857.5622317597,10812,233,35.381974248927,29
1090,750050.256,6297612.973,25.511,1,236,23521.2372881356,22916.5,236,28227.2288135593,27413,236,17991.8220338983,16908,236,23494.5296610169,21833.5,236,154.008474576271,158
1091,750049.376,6297613.834,25.509,0,232,31131.5689655172,30179,232,42438.0732758621,41104.5,232,21324.7629310345,20954.5,232,29274.8232758621,28479.5,232,183.98275862069,189
1092,750048.34,6297614.897,25.515,0,234,32390.1794871795,33015.5,234,44926.1581196581,45182,234,20712.2307692308,21021.5,234,28998.7521367521,29379,234,192.136752136752,197
1093,750048.397,6297616.418,25.526,0,234,10531.1025641026,10054,234,8534.46581196581,8157,234,10023.0769230769,9326.5,234,11965.4145299145,10911,234,48.7991452991453,43
1094,750047.034,6297617.465,25.498,0,234,26430.2478632479,26630.5,234,34980.4316239316,35049,234,16226.3931623932,16057.5,234,23041.9017094017,22794,234,179.880341880342,184
1095,750046.409,6297619.939,25.496,0,232,9748.39655172414,8807,232,7248.59482758621,6892,232,9718.94827586207,9129,232,11415.6767241379,10129.5,232,39.6120689655172,35
1096,750044.729,6297620.887,25.515,0,234,26672.311965812,26480,234,29809.6025641026,28592,234,19634.1623931624,19605,234,26290.6623931624,26998.5,234,156.239316239316,163
1097,750043.965,6297622.74,25.477,1,233,13897.0772532189,11837,233,13210.1244635193,9792,233,11112.3004291846,10132,233,13811.8884120172,11801,233,96.5150214592275,83
1098,750043.019,6297624.038,25.456,1,235,20885.570212766,19689,235,19660.2553191489,17542,235,16512.9276595745,15575,235,21771.0212765957,20140,235,128.348936170213,130
1099,750029.367,6297640.424,25.495,0,233,25232.4506437768,25133,233,26619.6480686695,26252,233,18706.0300429185,18395,233,25162.5236051502,24811,233,160.223175965665,164
1100,750028.373,6297641.619,25.5,0,233,25571.1673819743,25513,233,25152.1630901288,25554,233,20626.9527896996,19957,233,26908.2618025751,25910,233,147.197424892704,153
1101,750028.514,6297642.752,25.493,0,234,9400.02564102564,9104.5,234,7320.58547008547,6841.5,234,8974.92307692308,8807,234,10644.9615384615,9934,234,45.8675213675214,39
1102,750027.175,6297643.174,25.515,0,234,25296.5042735043,26461,234,25070.094017094,25324.5,234,19600.2777777778,19899.5,234,25985.9017094017,26325,234,154.717948717949,160
1103,750026.567,6297644.363,25.522,0,234,20688.2820512821,20124,234,19123.7051282051,19303.5,234,17100.8034188034,16107,234,21914.1025641026,20267.5,234,131.910256410256,136
1104,750026.202,6297646.162,25.481,0,234,11992.0213675214,11919,234,8267.05555555555,8369.5,234,12768.2051282051,12672.5,234,15326.4444444444,15184,234,44.1452991452991,41
1105,750024.733,6297646.564,25.505,0,235,22740.5829787234,22892,235,25762.5829787234,25503,235,15796.829787234,15120,235,20782.2170212766,19915,235,163.144680851064,170
1106,750024.298,6297648.221,25.525,0,234,9222.65384615385,8591.5,234,6774.10256410256,6646.5,234,9247.34615384615,8720,234,10780.9615384615,9975.5,234,35.7179487179487,31
1107,750022.735,6297649.225,25.533,0,234,16864.8461538462,16435,234,17599.2264957265,17631.5,234,12449.0085470085,11984.5,234,15575.6923076923,14854,234,131.84188034188,135.5
1108,750021.716,6297650.522,25.522,0,236,15243.7627118644,15088.5,236,16115.2118644068,15701,236,10935.5042372881,10641.5,236,13483.5,13229.5,236,124.720338983051,125
1109,750020.085,6297652.094,25.502,0,234,14785.6282051282,14216.5,234,13664.4487179487,12409,234,12330.7820512821,11567.5,234,14853.6452991453,13629.5,234,105.226495726496,101
1110,750018.413,6297653.895,25.478,1,234,12858,12819.5,234,9682.58974358974,8689.5,234,11918.3547008547,11596,234,14372.8846153846,13866,234,65.7136752136752,56
1111,750017.141,6297654.799,25.506,0,233,13964.8025751073,14000,233,10222.8540772532,10454,233,13684.5922746781,13525,233,16123.9098712446,15722,233,69.2017167381974,65
1112,750017.084,6297654.931,25.509,0,234,12122.452991453,11872.5,234,9079.10683760684,8803.5,234,11974.1111111111,11608,234,13733.3504273504,13005.5,234,60.8632478632479,57
1113,750014.854,6297656.303,25.524,0,234,19176.7478632479,18515.5,234,18579.1794871795,17608,234,15238.2777777778,14357,234,18908.7991452991,17714.5,234,140.07264957265,142
1114,750015.043,6297657.551,25.52,0,234,11837.6666666667,11173,234,8229.40598290598,7829,234,11517.2735042735,10776,234,13522.4316239316,12188.5,234,51.5982905982906,48
1115,750012.931,6297657.708,25.52,0,233,17107.7467811159,16747,233,16806.330472103,16268,233,13666.2188841202,13330,233,16687.2746781116,15750,233,124.845493562232,125
1116,750012.343,6297659.541,25.517,0,236,11455.2415254237,11003.5,236,9096.26271186441,8982,236,10265.9830508475,9907.5,236,12152.2457627119,11295.5,236,63.1398305084746,59
1117,750011.176,6297661.262,25.483,0,234,13675.6153846154,11914.5,234,9832.53418803419,9438.5,234,14084.1752136752,12660,234,16603.2136752137,13965.5,234,49.0213675213675,39
1118,750009.271,6297660.803,25.522,0,233,7989.54935622318,7215,233,7050.97424892704,6823,233,7840.69527896996,7232,233,8266.75536480687,7221,233,41.8712446351931,36
1119,750008.908,6297662.886,25.525,0,235,13821.3106382979,12607,235,9030.61276595745,8559,235,15509.5063829787,13616,235,18037.8936170213,15401,235,40.3234042553191,31
1120,750007.554,6297663.264,25.517,0,237,15525.8818565401,14690,237,11728.835443038,11640,237,15781.8945147679,15048,237,18418.4514767932,17171,237,63.6244725738397,61
1121,750006.188,6297662.34,25.57,0,234,12281.4871794872,11195,234,11269.6068376068,9639.5,234,10652.0811965812,9590.5,234,12336.0128205128,10604.5,234,84.2350427350427,75
1122,750004.449,6297663.417,25.568,0,234,13039.641025641,12293.5,234,14152.6196581197,13389,234,10003.0555555556,9630.5,234,11828.2393162393,11139,234,102.948717948718,101
1123,750002.933,6297664.421,25.542,0,234,9309.60256410256,8391,234,9521.49145299145,8480,234,7975.92307692308,7223,234,8759.05982905983,7527,234,63.4615384615385,62
1124,750004.092,6297665.661,25.528,0,236,13731.2796610169,12552.5,236,11562.5169491525,11568,236,13792.9533898305,12666.5,236,15973.7966101695,14112,236,67.0423728813559,62
1125,750005.137,6297665.389,25.525,1,235,11921.6382978723,10335,235,9513.11063829787,9069,235,12445.4808510638,11251,235,14005.2723404255,12096,235,54.2765957446809,48
1126,750001.411,6297666.408,25.517,1,233,12996.6394849785,12328,233,13832.0429184549,13567,233,10715.9785407725,10478,233,12473.5751072961,11804,233,98.4034334763949,94
1127,749999.966,6297666.335,25.561,0,237,8352.17721518987,8266,237,8614.60337552743,8455,237,6963.24050632911,6862,237,7674.98312236287,7465,237,58.9746835443038,61
1128,749998.211,6297667.044,25.579,0,236,8694.35593220339,8333.5,236,8894.8813559322,8216,236,7339.72881355932,7065.5,236,7941.77542372881,7354,236,57.0593220338983,55
1129,749996.624,6297667.702,25.572,0,233,10300.0515021459,8869,233,11184.2961373391,8860,233,8121.00858369099,7278,233,8837.47639484979,7680,233,75.8798283261803,73
1130,749994.544,6297668.624,25.574,0,234,22032.3675213675,21703.5,234,22268.3076923077,22291,234,16907.8162393162,16787,234,20973.8461538462,20222.5,234,138.905982905983,144.5
1131,749993.333,6297670.314,25.56,1,234,12130.5512820513,11218.5,234,9551.75213675214,9566.5,234,10824.4102564103,9490,234,13255.405982906,11152.5,234,66.8888888888889,63
1132,749990.799,6297671.251,25.582,1,236,10596.8644067797,7946,236,8861.26694915254,6915,236,10371.7415254237,8464.5,236,11418.7076271186,8269.5,236,51.0550847457627,36
1133,749989.859,6297672.038,25.563,1,237,8531.65400843882,7453,237,6915.31223628692,6455,237,8338.71308016878,7385,237,9187.05485232067,7618,237,44.1476793248945,40
1134,749988.307,6297672.374,25.576,1,234,14534.3162393162,13474.5,234,13920.1282051282,12534,234,12603.141025641,11654.5,234,14369.8547008547,12879.5,234,87.6282051282051,75
1135,749987.112,6297673.602,25.568,1,233,9164.82832618026,8346,233,7757.05150214592,7114,233,7880.4678111588,6890,233,8978.85836909871,7603,233,56.3605150214592,52
1136,749986.031,6297674.02,25.571,1,234,9264.5,8439.5,234,7551.15384615385,6978.5,234,8664.3547008547,8031.5,234,9666.66239316239,8572.5,234,48.1880341880342,45.5
1137,749984.369,6297674.277,25.577,1,233,22426.2446351931,22774,233,23870.3519313305,24635,233,17693.3605150215,17312,233,22510.1502145923,21883,233,142.690987124464,150
1138,749982.855,6297674.96,25.569,1,233,24057.6051502146,24126,233,28098.0128755365,28301,233,17501.034334764,17043,233,22868.9570815451,22084,233,164.755364806867,169
1139,749981.409,6297676.115,25.569,1,234,16590.2820512821,16040,234,15876.547008547,15034.5,234,14029.2905982906,13581.5,234,17544.2820512821,16690.5,234,96.8461538461538,97
1140,749979.411,6297677.169,25.575,1,235,18176.2,17361,235,17319.9106382979,16001,235,15262.3914893617,14836,235,19413.0382978723,18228,235,107.770212765957,105
1141,749977.332,6297677.884,25.558,2,236,22165.6694915254,22012.5,236,23306.0720338983,23171.5,236,18421.6610169492,17828.5,236,23337,22578.5,236,146.050847457627,152.5
1142,750002.761,6297672.886,25.435,5,234,12163.0897435897,11713,234,8305.87606837607,7966.5,234,12800.9914529915,12359,234,14850.5769230769,14403.5,234,51.8333333333333,48
1143,750005.893,6297677.447,25.463,5,234,17052.3931623932,16940,234,9552.34615384615,9552,234,22603.7393162393,22819.5,234,24313.7863247863,24375.5,234,37.9273504273504,35
1144,750009.152,6297684.911,25.404,6,235,14623.4765957447,13913,235,14738.2,14560,235,9557.85531914894,8862,235,13049.8723404255,11726,235,106.778723404255,107
1145,750012.322,6297689.586,25.467,3,232,13148.0344827586,12673,232,9488.59051724138,9291,232,14810.5474137931,14194,232,16891.6896551724,16085.5,232,58.2801724137931,52.5
1146,750015.844,6297695.25,25.447,4,233,13587.8927038627,13373,233,8490.94849785408,8320,233,17979.8283261803,18216,233,19133.4763948498,19315,233,48.1716738197425,44
1147,750012.598,6297698.821,25.522,1,234,13018.6965811966,12611,234,9089.07264957265,9057.5,234,14244.2136752137,13508.5,234,15986.6752136752,15079.5,234,60.1495726495726,58
1148,750011.572,6297699.129,25.483,1,236,16355.7754237288,15862.5,236,12245.156779661,12809.5,236,14831.1610169492,13725,236,18635.9618644068,17004,236,89.0847457627119,92
1149,750011.995,6297700.997,25.485,1,232,16464.900862069,16054.5,232,13967.5689655172,13899.5,232,12576.9870689655,12199,232,16735.3577586207,15684.5,232,108.280172413793,108
1150,750021.144,6297700.635,25.515,5,233,13836.1459227468,13167,233,10440.974248927,10220,233,11630.5965665236,10175,233,14407.5321888412,12675,233,82.0729613733906,83
1151,750024.019,6297704.812,25.449,7.5,233,15460.7381974249,15022,233,9536.63948497854,8950,233,17394.7811158798,16366,233,19447.1158798283,18059,233,55.6437768240343,57
1152,750025.434,6297709.375,25.505,5,233,16326.5708154506,16399,233,9317.05579399142,9264,233,21271.8369098712,21267,233,22948.364806867,23202,233,48.9613733905579,47
1153,750027.195,6297714.114,25.519,6,232,16001.8836206897,15750,232,9064.14655172414,8983,232,20612.7198275862,20336.5,232,22216.525862069,21565.5,232,52.4913793103448,51
1154,750033.605,6297718.657,25.517,6,235,14923.6127659574,14645,235,8068.45106382979,7925,235,20654.2212765957,20239,235,21174.085106383,20842,235,40.9021276595745,36
1155,750044.966,6297721.803,25.561,5,233,13392.4849785408,13636,233,12297.4120171674,12479,233,7808.66094420601,7691,233,10661.6180257511,10710,233,111.231759656652,115
1156,750050.553,6297725.501,25.515,5,234,17532.5769230769,17796,234,9180.82051282051,9306,234,21691.9615384615,21470.5,234,25182.7264957265,25493.5,234,48.3547008547009,47
1157,750059.088,6297727.118,25.519,7,234,14660.3846153846,14956.5,234,8823.99145299145,8826.5,234,16384.8376068376,16399.5,234,18769.2735042735,19220,234,53.3034188034188,54
1158,750067.057,6297726.259,25.563,5,234,13815.3162393162,13698.5,234,13149.0555555556,13199.5,234,7127.3547008547,6897,234,10498.1923076923,10284,234,102.645299145299,103
1159,750071.87,6297717.508,25.517,6,236,15766.5720338983,15111,236,9839.63983050847,9705,236,18463.1271186441,16295.5,236,20291.1525423729,17851.5,236,66.9406779661017,67.5
1160,750078.428,6297714.473,25.495,7,232,16011.8448275862,15575,232,10524.8232758621,10213,232,16341.1551724138,15600,232,19884.6336206897,18689.5,232,83.1077586206897,81
1161,750093.796,6297711.7,25.523,5,234,15428.9273504273,15281,234,9139.21367521368,9022.5,234,20550.0854700855,20285,234,22530.4957264957,22086,234,54.1581196581197,52
1162,750100.78,6297703.977,25.557,-1,234,14384.7905982906,14040.5,234,9891.2735042735,9533,234,16775.0982905983,16399,234,18919.2564102564,17958,234,60.3119658119658,57
1163,750102.519,6297704.542,25.552,-1,234,17306.5170940171,17158,234,12492.1623931624,11878.5,234,20583.1282051282,20101,234,23078.5726495726,22338.5,234,80.5897435897436,74.5
1164,750104.075,6297703.47,25.542,-1,233,15337.8412017167,14942,233,9023.58798283262,8888,233,20906.364806867,20350,233,22289.5150214592,21523,233,42.7768240343348,42
1165,750104.988,6297705.104,25.545,-1,236,21687.5254237288,21418,236,17417.2415254237,16576.5,236,21749.4279661017,21079.5,236,25243.436440678,24276,236,135.372881355932,134
1166,750106.67,6297705.261,25.551,-1,235,20186.9829787234,19983,235,16078.6638297872,15684,235,21218.0255319149,20986,235,24111.2212765957,23583,235,126.612765957447,129
1167,750106.649,6297705.29,25.552,-1,234,20096.5128205128,19961.5,234,16205.5128205128,15900,234,20956.547008547,20206.5,234,23798.4658119658,23214.5,234,129.846153846154,133
1168,750107.031,6297703.664,25.555,-1,237,14779.9029535865,14497,237,8881.9029535865,8886,237,20850.2405063291,20327,237,21678,20888,237,49.2995780590717,47
1169,750108.706,6297703.069,25.546,-1,235,15824.6382978723,15647,235,9430.13617021277,9282,235,23979.2936170213,24193,235,24829.8212765957,24637,235,53.5787234042553,50
1170,750108.797,6297704.939,25.536,-1,236,23688.3771186441,22941.5,236,19993.1949152542,18569.5,236,23704.7627118644,23352,236,27386.313559322,27036.5,236,136.936440677966,139.5
1171,750110.33,6297704.484,25.553,-1,233,20584.2403433476,20072,233,16874.7553648069,15435,233,21779.0214592275,21317,233,24455.2703862661,23482,233,123.25321888412,118
1172,750112.217,6297704.157,25.536,-1,234,22301.2606837607,20241.5,234,19605.1752136752,17420,234,21274.7863247863,20981,234,24687.8290598291,23612,234,144.316239316239,147
1173,750113.634,6297703.274,25.544,-1,233,14467.0987124464,14497,233,9406.58369098713,9309,233,18755.356223176,18284,233,20068.7982832618,19400,233,56.3218884120172,54
1174,750115.104,6297702.785,25.55,-1,234,15798.9102564103,15405,234,9023.69658119658,8955.5,234,23703.4273504274,22736,234,24408.4957264957,23678,234,45.5555555555556,42
1175,750115.221,6297702.706,25.548,-1,235,15569.9617021277,15272,235,8837.68936170213,8815,235,24025.6510638298,23395,235,24419.5787234043,23764,235,45.2340425531915,43
1176,750116.94,6297702.593,25.539,-1,233,15081.5793991416,14818,233,9056.34334763949,8657,233,21919.2145922747,21870,233,22679.0515021459,22531,233,45.6309012875536,42
1177,750118.562,6297702.532,25.53,-1,232,14447.474137931,14516,232,8421.48275862069,8265,232,22566.4525862069,22672,232,22085.8362068966,22499,232,40.676724137931,39
1178,750120.237,6297701.925,25.538,-1,238,13883.6134453782,14125.5,238,7978.67226890756,7961.5,238,22851.8067226891,23478.5,238,22003.2941176471,22953.5,238,39.827731092437,38
1179,750121.863,6297702.187,25.543,-1,233,14173.025751073,14152,233,8522.84120171674,8314,233,20756.5708154506,20847,233,21050.7081545064,21269,233,49.5364806866953,48
1180,750123.357,6297702.05,25.535,-1,234,15018.3675213675,14784,234,9456.35897435897,9134,234,21119.2777777778,20812.5,234,21919.3974358974,21260,234,57.1025641025641,56
1181,750124.698,6297701.695,25.529,-1,236,14611.2033898305,14613,236,8958.75847457627,8851,236,21882.9618644068,21558,236,22137.0466101695,22123,236,54.0381355932203,51
1182,750126.041,6297701.439,25.542,-1,235,14921.0638297872,13940,235,9786.54468085106,9756,235,20107.7106382979,19202,235,21465.770212766,20448,235,65.1276595744681,65
1183,750127.088,6297701.594,25.494,1,234,14484.4786324786,13895.5,234,9586.5641025641,9235.5,234,18913.4786324786,18343,234,20049.5982905983,19439.5,234,59.8333333333333,58.5
1184,750128.386,6297701.108,25.489,1,234,13698.7948717949,12837,234,8714.15384615385,8326.5,234,19016.688034188,18447.5,234,19373.1239316239,18911,234,57.5811965811966,54
1185,750129.74,6297700.577,25.5,2,236,15145.0974576271,14962.5,236,8748.89830508475,8609.5,236,21486.656779661,21510,236,22510.8940677966,22488.5,236,50.7076271186441,46.5
1186,750129.468,6297699.093,25.463,4,233,12960.6309012876,12960,233,11825.5579399142,12734,233,9436.37339055794,7972,233,12152.7939914163,11102,233,91.8497854077253,98
1187,750131.319,6297699.655,25.485,1,233,13895.313304721,12821,233,12791.9227467811,12703,233,11069.8197424893,9104,233,13754.3776824034,11375,233,98.1244635193133,103
1188,750132.171,6297699.58,25.459,3,234,14300.0726495727,13178,234,13548.1153846154,13650,234,9740.85897435897,8236,234,13341.8205128205,11259.5,234,104.252136752137,107
1189,750138.139,6297693.481,25.395,5,234,13955.0427350427,13712.5,234,8760.23504273504,8613.5,234,17729.1752136752,17228.5,234,19722.5299145299,19274.5,234,55.542735042735,53.5
1190,750149.164,6297691.458,25.399,5,233,15088.5922746781,14981,233,8330.75965665236,8225,233,23064.8969957082,23029,233,23703.7210300429,23454,233,44.5751072961373,42
1191,750162.87,6297689.614,25.386,7,233,14797.1545064378,14435,233,9768.57939914163,9618,233,16821.6480686695,16507,233,20218.6266094421,19690,233,72.7982832618026,69
1192,750173.748,6297686.4,25.358,6,233,12872.9656652361,11016,233,9321.22317596567,8745,233,15107.3090128755,12733,233,16697.3175965665,13078,233,68.549356223176,66
1193,750180.238,6297685.613,25.33,9,233,13939.9055793991,13205,233,9479.99141630901,8894,233,17543.3948497854,15551,233,18921.5836909871,15950,233,69.4077253218884,66
1194,750189.915,6297687.842,25.327,6,232,15079.724137931,13358,232,10616.900862069,10455.5,232,14308.3448275862,12571.5,232,18284.0948275862,15326.5,232,76.5129310344828,77
1195,750203.457,6297689.079,25.353,9,234,16012.3333333333,14071.5,234,12674.6111111111,12540.5,234,13587.4230769231,11311.5,234,17769.311965812,13994,234,92.1495726495726,92
1196,750214.869,6297686.343,25.334,9,232,16149.9568965517,15495,232,12078.3146551724,12261.5,232,15318.7801724138,14217.5,232,18826.0215517241,17412.5,232,87.2456896551724,90
1197,750226.059,6297680.635,25.31,11,232,12779.0043103448,12781,232,13174.849137931,13235.5,232,7240.18965517241,7156,232,10698.8060344828,10651.5,232,101.887931034483,103
1198,750238.144,6297678.359,25.336,9,235,14853.2170212766,13180,235,11644.9914893617,11408,235,12261.3489361702,10410,235,16093.4936170213,12952,235,89.6042553191489,86
1199,750260.715,6297671.71,25.35,7,234,16242.4017094017,15457,234,10351.5341880342,10150,234,16456.1752136752,15489,234,19676.5341880342,18558.5,234,73.1666666666667,70
1200,750268.365,6297668.362,25.319,3,236,15899.7669491525,14963.5,236,9911.26271186441,9619.5,236,19203.1949152542,17650,236,21571.2118644068,18891.5,236,67.6906779661017,65
1201,750274.572,6297668.001,25.241,6,233,15341.5193133047,15055,233,8116.44206008584,7889,233,23333.2403433476,22880,233,23182.5278969957,23095,233,41.6051502145923,40
1202,750284.798,6297670.364,25.283,6,235,14363.2765957447,14145,235,8122.96170212766,7964,235,18075.5574468085,17229,235,19741.9446808511,18935,235,51.936170212766,51
1203,750293.062,6297670.697,25.283,4,235,14456.2765957447,13637,235,10376.2425531915,10294,235,13116.7829787234,12467,235,16719.8425531915,15470,235,76.3446808510638,76
1204,750302.957,6297669.751,25.3,3,234,14295.9017094017,13805.5,234,8521.19658119658,8336,234,18582.0427350427,17658.5,234,20682.1239316239,19159,234,55.508547008547,53.5
1205,750318.448,6297669.729,25.302,5,233,15642.9570815451,15701,233,8417.78111587983,8386,233,23030.2446351931,22482,233,24881.7896995708,24347,233,47.0987124463519,46
1206,750327.775,6297668.265,25.311,3,235,13858.2340425532,13635,235,7923.21276595745,7833,235,19429.3617021277,18889,235,21319.6978723404,20660,235,52.8765957446808,47
1207,750335.31,6297666.934,25.328,1,234,16699.9188034188,16374.5,234,10444.9401709402,10387.5,234,21073.1581196581,20580,234,24072.1965811966,23364,234,72.7264957264957,71
1208,750336.691,6297666.995,25.325,1,234,15307.6794871795,15026,234,8703.28205128205,8599.5,234,21970.6282051282,20862.5,234,23761.7735042735,22791,234,58.2435897435897,53
1209,750338.789,6297666.84,25.323,0,234,16038.8931623932,16189.5,234,8527.15384615385,8438,234,25182.7948717949,24800.5,234,26850.6623931624,26877,234,43.9273504273504,38
1210,750339.931,6297666.31,25.317,1,233,15148.8626609442,14776,233,9518.64806866953,9403,233,18793.0987124464,17900,233,21421.7339055794,20266,233,61.68669527897,59
1211,750346.384,6297663.248,25.261,5,234,13732.5213675214,13337.5,234,8380.39743589744,8196.5,234,16512.9444444444,16301,234,18995.7905982906,18511,234,49.1880341880342,44
1212,750356.044,6297664.767,25.248,7,233,14605.2918454936,14089,233,8090.24034334764,7876,233,21524.2875536481,20764,233,22396.3433476395,21882,233,51.412017167382,49
1213,750371.365,6297666.204,25.207,12.5,234,13693.4102564103,13482.5,234,7368.57264957265,7262.5,234,22043.9401709402,21681.5,234,21603.9401709402,21216.5,234,35.7521367521367,33
1214,750373.868,6297662.26,25.185,11,234,13582.5512820513,13381.5,234,8874.4358974359,8583,234,15896.3717948718,15174.5,234,18024.0897435897,17252,234,60.0128205128205,56.5
1215,750380.551,6297656.874,25.145,10,234,14729.9358974359,14557.5,234,8056.86752136752,7990,234,21820.4957264957,21813,234,21793.2393162393,21823.5,234,39.1965811965812,38
1216,750386.889,6297653.041,25.136,4,232,16551.4827586207,15922.5,232,9056.20689655172,8724.5,232,24901.3663793103,24414.5,232,25075.2931034483,24750,232,45.0991379310345,38.5
1217,750396.822,6297649.653,25.076,4,232,17047.5387931034,16705.5,232,10909.9612068966,10675,232,20439.8663793103,20557,232,23612.7112068966,23684.5,232,55.0905172413793,55
1218,750404.049,6297646.88,24.979,7,234,12396.5598290598,12275,234,8372.96581196581,8276,234,14593.0769230769,14757.5,234,16097.5769230769,15677.5,234,53.5128205128205,46
1219,750419.683,6297644.779,25,5,232,17064.5905172414,17169,232,11071.4224137931,11024.5,232,18027.0172413793,18217,232,22262.0732758621,22201.5,232,58.2370689655172,51
1220,750430.361,6297639.312,25.036,9,232,16497.1551724138,16481.5,232,10406.3922413793,10285,232,19340.2456896552,19276.5,232,22719.3275862069,22526,232,52.4353448275862,51
1221,750430.364,6297639.367,25.039,9,232,15986.8534482759,15896.5,232,10300.1853448276,10100,232,18686.8706896552,18648.5,232,21693.4784482759,21723.5,232,51.2586206896552,50
1222,750444.836,6297637.444,25.039,9,236,17389.563559322,17162.5,236,10948.5593220339,10649,236,19682.6398305085,19239,236,23424.4788135593,23122.5,236,44.9110169491525,43
1223,750448.778,6297634.403,25.006,0,234,18302.8076923077,18101,234,12897.3717948718,12356,234,20010.3717948718,19829,234,24026.2478632479,23376.5,234,57.2179487179487,51
1224,750449.014,6297633.441,25.073,0,233,15475.7553648069,15337,233,11769.8969957082,11831,233,16939.6094420601,16138,233,19814.8326180257,18745,233,57.8540772532189,59
1225,750447.336,6297633.195,25.087,0,233,15416.4034334764,15426,233,10532.9871244635,10500,233,19107.1974248927,19087,233,21384.5407725322,21591,233,48.7038626609442,47
1226,750445.84,6297632.43,25.059,0,233,15537.6266094421,15421,233,10761.4506437768,10361,233,17556.321888412,17097,233,20385.5708154506,20218,233,52.4549356223176,50
1227,750444.574,6297631.569,25.009,0,236,14632.7330508475,14384.5,236,10227.4788135593,9999,236,16488.5084745763,16220.5,236,18981.8771186441,18385.5,236,54.8008474576271,52
1228,750442.911,6297630.508,25.026,0,235,14990.7234042553,14958,235,9345.43829787234,9276,235,19227.0085106383,19098,235,21187.0680851064,20961,235,41.931914893617,41
1229,750443.316,6297629.146,25.028,0,236,16169.7669491525,15836,236,10113.0720338983,9842,236,20261.3474576271,19973.5,236,22399.6398305085,22125.5,236,48.3389830508475,45
1230,750441.932,6297628.094,25.019,0,233,14137.2532188841,14000,233,9993.87124463519,9890,233,16042.5536480687,14821,233,18142.0729613734,17030,233,49.7639484978541,45
1231,750444.694,6297628.982,24.994,0,234,15316.0683760684,15084.5,234,9617.65384615385,9514.5,234,19693.4615384615,19771.5,234,21565.0085470085,21645,234,43.9017094017094,40.5
1232,750445.742,6297628.924,25.017,1,233,15084.4420600858,14907,233,9331.78111587983,9250,233,21418.991416309,21494,233,22125.4291845494,22077,233,42.7682403433476,40
1233,750446.757,6297628.726,25.006,1,233,13317.8454935622,13085,233,8478.89270386266,8401,233,17961.364806867,17935,233,19067.686695279,19040,233,37.175965665236,32
1234,750447.976,6297629.025,24.991,1,232,13349.7586206897,13125.5,232,8814.625,8657,232,16732.6724137931,17240,232,18251.0905172414,18224.5,232,42.4913793103448,39.5
1235,750449.207,6297630.681,25.039,0,234,16219.3461538462,16304.5,234,10313.5299145299,10258,234,19940.952991453,19657.5,234,22593.1068376068,22330,234,47.3205128205128,42
1236,750451.976,6297631.253,25.016,0,234,14437.5555555556,14812.5,234,9523.10256410256,9612.5,234,18056.9230769231,17942.5,234,19955.0256410256,20252.5,234,42.3333333333333,39
1237,750453.406,6297631.671,25.003,1,235,14573.6893617021,14630,235,9992.88936170213,9900,235,16481.8893617021,16083,235,19049.5404255319,18879,235,48.7106382978723,46
1238,750454.958,6297631.62,24.997,0,233,15445.0729613734,15164,233,9798.83261802575,9705,233,19825.652360515,19803,233,21979.7553648069,21752,233,43.5150214592275,39
1239,750458.752,6297633.112,24.969,7,235,17425.6808510638,17625,235,11308.3021276596,11344,235,18918.6425531915,19051,235,22704.9276595745,22820,235,51.8936170212766,48
1240,750466.559,6297628.706,24.943,7,234,17251.9188034188,16420,234,11490.0854700855,11137.5,234,19091.0042735043,18516,234,23080.5598290598,22226.5,234,54.0982905982906,48.5
1241,750476.991,6297626.414,24.966,5,234,14356.264957265,14262.5,234,9871.5811965812,9766,234,18189.9700854701,18327.5,234,20041.094017094,20146.5,234,47.3162393162393,45
1242,750488.644,6297625.446,24.975,7,234,16342.5085470085,16107,234,10753.1837606838,10710.5,234,20399.9017094017,20466,234,22723.3846153846,22628,234,41.2307692307692,41
1243,750505.815,6297622.798,24.957,4,234,16921.1581196581,16928,234,10559.9444444444,10553.5,234,22760.6153846154,22386,234,24502.3076923077,24323,234,41.3247863247863,38.5
1244,750518.375,6297630.147,24.942,5,234,16412.1538461538,13640,234,11115.3888888889,10095,234,16126.1025641026,13293,234,18675.4017094017,14498.5,234,71.1153846153846,64
1245,750519.288,6297632.727,24.955,5,236,8219.25,8212.5,236,8413.33898305085,8407,236,7097.38559322034,7097,236,8159.08050847458,8165,236,53.1101694915254,53
1246,750521.836,6297634.786,24.952,4.5,234,12679.2777777778,8773,234,9239.03846153846,8060,234,13378.9658119658,9619.5,234,14087.9487179487,9343.5,234,63.2948717948718,52
1247,750523.354,6297637.334,24.949,5,234,18057.6239316239,17700.5,234,9295.36324786325,9198,234,23530.7521367521,23398.5,234,25053.0555555556,24260.5,234,60.0598290598291,58.5
1248,750527.086,6297640.928,24.916,8,234,14079.8162393162,12346.5,234,8327.76923076923,7899.5,234,14683.2179487179,12851.5,234,17238.5769230769,14165.5,234,60.5854700854701,52.5
1249,750529.891,6297640.836,24.972,4,234,8053.57264957265,8055,234,7777.34615384615,7779,234,7521.01282051282,7491.5,234,8672.67948717949,8663,234,49.6923076923077,50
1250,750532.489,6297639.368,24.939,7,233,8142.00429184549,8152,233,8100.96995708154,8086,233,7245.83261802575,7252,233,8607.1974248927,8638,233,47.6738197424893,48
1251,750534.252,6297633.609,24.907,7,234,14275.6709401709,12958.5,234,8155.61111111111,7714.5,234,16116.3162393162,14930.5,234,18829.4786324786,17209,234,55.2435897435897,51
1252,750532.542,6297628.454,24.937,7,235,15009.6340425532,14852,235,7856.93617021277,7786,235,17850.5446808511,17624,235,20411.1787234043,19994,235,52.3829787234043,52
1253,750529.473,6297620.997,24.93,7,235,15802.6595744681,16128,235,7892.08085106383,7945,235,22380.7957446809,22444,235,23007.7276595745,23052,235,46.4893617021277,44
1254,750527.089,6297615.72,24.972,4,234,14621.6709401709,14538.5,234,8096.04700854701,8090.5,234,18407.0598290598,18329.5,234,20105.0341880342,20168.5,234,57.2008547008547,55
1255,750526.345,6297608.193,24.966,6,234,17101.641025641,16983.5,234,8338.5641025641,8263,234,25148.688034188,25042.5,234,26150.7435897436,26074.5,234,48.8162393162393,46.5
1256,750522.635,6297601.477,24.903,7,234,16932.1068376068,16249.5,234,8793.5811965812,8454.5,234,22178.4401709402,21537.5,234,24404.3205128205,23252,234,49.4444444444444,48
1257,750516.47,6297596.818,24.904,7,232,16769.8017241379,16564,232,8789.80603448276,8640,232,23739.3965517241,23689.5,232,25756.3103448276,25627.5,232,45.8836206896552,44
1258,750512.904,6297593.45,24.933,7.5,231,16487.7922077922,16541,231,8946.59307359307,8902,231,20745.5281385281,20896,231,23483.0995670996,23891,231,55.3852813852814,58
1259,750505.445,6297583.666,24.956,6,235,18062.4978723404,18150,235,10236.4340425532,10255,235,20693.2808510638,20708,235,24112.7872340426,24069,235,55.0808510638298,54
1260,750503.479,6297580.342,24.902,7,234,17228.1538461538,17265.5,234,9538.84188034188,9527,234,20896.6196581197,20999.5,234,23642.9316239316,23842,234,51.6794871794872,49.5
1261,750501.233,6297572.21,24.919,8,235,17532.3489361702,17184,235,9654.67234042553,9542,235,23577.4212765957,23940,235,25533.6978723404,25859,235,52.5021276595745,50
