field_1,field_2,field_3,field_4,field_5,RE_count,RE_mean,RE_median,B_count,B_mean,B_median,G_count,G_mean,G_median,NIR_count,NIR_mean,NIR_median,R_count,R_mean,R_median
7,765022.973,6309982.99,22.356,14,233,24633.3991416309,24874,233,63.1630901287554,64,233,15782.9141630901,15849,233,24795.3776824034,25351,233,8677.74248927039,8637
8,765022.627,6309983.887,22.346,14,232,22552.6939655172,22844,232,67.051724137931,66,232,14952.400862069,15071,232,22510.7284482759,22857.5,232,8714.59913793103,8737
9,765022.449,6309983.953,22.353,14,233,22309.2703862661,22713,233,68.1201716738197,67,233,15005.0386266094,15113,233,21959.5321888412,22329,233,8864.60515021459,8816
10,765021.285,6309985.037,22.347,14,236,25873.6949152542,26460,236,65.4576271186441,67,236,16131.4491525424,16361,236,26043.4322033898,26596,236,8881.42372881356,8949.5
11,765016.551,6309986.676,22.392,9,232,20715.150862069,20489,232,84.4224137931034,85.5,232,15011.0646551724,14914,232,18794.3620689655,18346,232,10523.4267241379,10522.5
12,765012.084,6309988.158,22.387,10,232,20833.8922413793,20868,232,98.0301724137931,100,232,15297.8534482759,15058,232,18449.0387931034,18256.5,232,11555.3706896552,11548.5
13,765009.679,6309987.172,22.376,10,232,18083.525862069,17399.5,232,100.137931034483,103,232,14950.3706896552,14772.5,232,14776.0344827586,14437.5,232,12605.8232758621,12950.5
15,765001.009,6309982.156,22.315,24,232,16324.9094827586,16142,232,127.698275862069,128.5,232,17241.8448275862,17084,232,11485.6551724138,11352,232,15902.4267241379,16116.5
16,765000.046,6309981.863,22.387,20,237,20441.4852320675,20244,237,98.6371308016878,100,237,16457.1265822785,16449,237,16155.0168776371,16068,237,12360.6455696203,12345
17,764999.692,6309980.947,22.391,22,233,22274.4334763949,22102,233,96.4849785407725,97,233,17795.7639484979,17708,233,17050.8068669528,16814,233,12683.1630901288,12666
18,764999.419,6309980.201,22.372,23,233,21343.1974248927,21177,233,100.44635193133,101,233,17722.4463519313,17633,233,15811.4506437768,15628,233,13167.4806866953,13146
19,764998.088,6309981.583,22.375,24,233,20132.9313304721,19667,233,106.592274678112,107,233,17562.7639484979,17366,233,14666.8712446352,14387,233,13469.2489270386,13413
20,764997.263,6309982.239,22.359,20,238,21472.8151260504,20748.5,238,95.9789915966387,96,238,17295.8739495798,17008,238,16499.4789915966,16077,238,12640.8193277311,12522
21,764996.262,6309982.295,22.4,19,232,21632.0862068966,20447,232,95.2025862068966,94.5,232,17178.4310344828,17016.5,232,17188.4353448276,16457,232,12678.974137931,12538.5
22,764995.142,6309982.333,22.39,17,234,23530.2735042735,22864,234,91.0470085470085,93,234,17791.8205128205,17364.5,234,18696.5641025641,17489.5,234,12666.9615384615,12474
23,764995.268,6309981.274,22.395,17,233,19828.1502145923,18384,233,99.2875536480687,101,233,16390.4420600858,16019,233,15716.1072961373,14359,233,12586.7682403433,12754
24,764995.657,6309983.761,22.382,19,236,21012.3771186441,21075.5,236,106.419491525424,112,236,17638.843220339,17650.5,236,15776.3220338983,15584.5,236,13686.2161016949,13497.5
25,764994.542,6309984.301,22.41,17,233,20022.9012875536,19239,233,105.394849785408,105,233,17080.8197424893,16840,233,15142.8927038627,14533,233,13495.5493562232,13345
26,764992.784,6309984.567,22.405,20,233,24828.5879828326,25217,233,75.381974248927,75,233,16993.6266094421,16913,233,21314.7210300429,21309,233,11133.652360515,11099
27,764990.711,6309985.01,22.424,19,232,21729.8275862069,20676.5,232,99.5689655172414,103,232,17009.8405172414,16673.5,232,17409.7931034483,16595,232,12455.8663793103,12435
28,764988.736,6309986.795,22.395,21,232,23483.1206896552,23214,232,91.2456896551724,93,232,17797.0431034483,17611.5,232,18850.9698275862,18442.5,232,12470.6293103448,12441
29,764985.808,6309989.007,22.452,15,236,18398.9194915254,16647.5,236,128.360169491525,133,236,17666.0296610169,17141,236,13949.7118644068,12765,236,15023.0381355932,15323.5
30,764985.866,6309987.299,22.458,16,234,18850.7777777778,18045,234,113.299145299145,115,234,17193.2435897436,17055.5,234,13980.7777777778,13583,234,14074.0128205128,14075
31,764983.664,6309990.961,22.419,18,234,24268.1324786325,24523.5,234,80.991452991453,80.5,234,17427.4957264957,17480,234,20926.6752136752,21043.5,234,11702.4871794872,11655
32,764978.155,6309994.312,22.424,22,236,20918.813559322,19944,236,119.991525423729,121,236,19009.7330508475,18744.5,236,15387.1610169492,14745,236,15103.9279661017,15175
33,764976.81,6309995.557,22.355,23,236,22232.6101694915,21343,236,115.529661016949,117,236,19302.6271186441,19260,236,16906.1949152542,16132.5,236,14850.2203389831,14886
34,764975.185,6309996.844,22.367,23,233,22192.965665236,21660,233,104.309012875536,105,233,18379.1416309013,17934,233,17022.974248927,16643,233,13899.6223175966,13886
35,764974.029,6309997.58,22.404,21,236,21524.8983050847,20663,236,102.411016949153,104,236,17900.9957627119,17651.5,236,16660.8516949153,15775.5,236,13850.6652542373,13961
36,764971,6309998.902,22.343,25,233,17761.5107296137,16962,233,123.858369098712,126,233,18211.4248927039,18301,233,12390.8283261803,11428,233,16046.1974248927,16281
37,764968.295,6310000.323,22.347,25,233,22027.965665236,21496,233,105.793991416309,107,233,18622.8326180257,18421,233,16894.3690987124,16380,233,14063.1244635193,14078
38,764965.575,6310003.267,22.358,25,233,16399.1845493562,15787,233,132.583690987124,134,233,18637.9570815451,18434,233,10732.4592274678,10337,233,16810.4291845494,16919
39,764960.903,6310006.104,22.348,24,234,18451.452991453,17145.5,234,132.517094017094,135,234,18992.4871794872,18680.5,234,12581.8931623932,11723.5,234,16207.9914529915,16289
40,764959.936,6310007.071,22.361,24,233,23098.2060085837,21723,233,91.068669527897,91,233,18489.3733905579,18114,233,18002.9785407725,17106,233,13180.9270386266,13125
41,764956.154,6310009.541,22.371,20,233,24211.4163090129,23269,233,106.725321888412,108,233,19386.7124463519,19054,233,18601.6995708154,17810,233,13926.339055794,13929
42,764953.693,6310011.879,22.346,22,234,19731.5598290598,19312.5,234,121.854700854701,122,234,18773.2692307692,18709,234,14124.1709401709,13658,234,15270.2307692308,15396.5
43,764951.484,6310013.143,22.4,20,233,22934.7811158798,22415,233,105.31330472103,107,233,18827.4849785408,18567,233,17497.8412017167,16857,233,13938.5665236051,13972
44,764949.139,6310014.749,22.385,21,234,20115.2307692308,19062,234,127.952991452991,128,234,19490.6965811966,19031,234,14331.3974358974,13354,234,16030.5811965812,16147
46,764939.628,6310020.677,22.408,21,233,21185.7811158798,20899,233,98.8497854077253,98,233,17841.4163090129,17661,233,16001.2145922747,15776,233,13627.1974248927,13651
47,764937.273,6310022.259,22.398,23,233,21436.6995708154,20681,233,89.0343347639485,91,233,17815.7081545064,17687,233,16444.3433476395,15421,233,13165.8326180258,13220
48,764935.916,6310023.167,22.419,18,232,21572.0560344828,21049,232,96.2198275862069,97,232,17813.0818965517,17649.5,232,16886.4181034483,16271.5,232,13577.8793103448,13389
49,764932.192,6310028.313,22.418,21,232,20298.4956896552,19467.5,232,106.905172413793,109,232,18021.7543103448,17746,232,14992.7068965517,14398.5,232,14344.5043103448,14354
50,764928.032,6310029.822,22.408,20,233,23197.643776824,22971,233,99.2360515021459,99,233,18260.5450643777,18446,233,18295.2660944206,17943,233,12915.9055793991,12970
51,764925.879,6310031.632,22.392,17,234,21142.7435897436,20264,234,98.1111111111111,101,234,17837.8034188034,17628,234,16851.452991453,16130,234,13143.6581196581,13165
52,764918.152,6310036.145,22.381,19,234,18693.6111111111,18440,234,119.111111111111,118,234,18596.5170940171,18322,234,12904.5,12799.5,234,15276.1282051282,15332.5
53,764918.573,6310037.928,22.372,21,232,18553.1379310345,17767,232,110.991379310345,113,232,17470.1034482759,17261.5,232,13562.1422413793,12769,232,14088.1767241379,14394.5
54,764916.844,6310039.85,22.403,18,232,22029.5215517241,21310.5,232,84.073275862069,86,232,16582.6120689655,16434.5,232,18060.1767241379,17351.5,232,11617.8362068966,11620.5
55,764915.881,6310036.028,22.376,26,232,16111.9655172414,14709.5,232,146.896551724138,147.5,232,18963.7543103448,18637,232,10176.8577586207,9213,232,17876.5172413793,17578
57,764911.479,6310040.057,22.431,18,234,20774.0341880342,20053,234,97.8803418803419,99.5,234,17400.3461538462,17168.5,234,16177.6837606838,15418.5,234,13401.2478632479,13542
58,764907.996,6310043.557,22.428,11,233,20232.69527897,19587,233,101.459227467811,100,233,16918.7811158798,16802,233,16483.3090128755,16572,233,12869.4849785408,12572
59,764906.476,6310046.014,22.465,13,232,19828.9612068966,18941,232,96.9224137931034,98,232,16761.1120689655,16511,232,16253.1724137931,15478,232,12858.5474137931,12775
60,764903.749,6310047.481,22.42,18,234,19625.9188034188,19464.5,234,102.294871794872,103,234,17385.7905982906,17306,234,15264.1452991453,15196.5,234,13798.9145299145,13705
61,764899.438,6310049.761,22.436,18,236,25321.4830508475,25171,236,82.5254237288136,83,236,19246.4152542373,19279,236,22198.2584745763,22434.5,236,12357.7711864407,12365.5
62,764896.299,6310052.181,22.422,17,233,20331.1630901288,19739,233,117.37339055794,120,233,19584.9399141631,19168,233,15573.330472103,15030,233,15244.9957081545,15323
63,764892.322,6310055.437,22.431,14,238,20732,20222,238,99.1638655462185,99,238,17860.7731092437,17589.5,238,16980.7100840336,16801,238,13036.2857142857,12966
64,764886.263,6310060.44,22.418,18,234,19360.0512820513,18528.5,234,93.1837606837607,92.5,234,16504.6324786325,16621.5,234,15215.6196581197,15077.5,234,13054.9316239316,12298.5
65,764882.811,6310062.334,22.423,16.5,235,16427.5914893617,15608,235,141.421276595745,142,235,18399.8808510638,18292,235,10590.4468085106,9970,235,17518.2510638298,17350
66,764883.792,6310062.643,22.464,14,234,18794.1623931624,17501.5,234,113.410256410256,116,234,16436.0384615385,16234,234,14090.9017094017,12889.5,234,13307.0897435897,13238.5
67,764879.044,6310065.622,22.44,15,232,23728.9698275862,24095,232,96.5431034482759,97.5,232,18162.1077586207,18237,232,18420.3318965517,18732.5,232,12884.7844827586,12733
68,764874.574,6310068.218,22.46,13,232,19602.4827586207,18093.5,232,109.870689655172,111,232,17160.1077586207,17088.5,232,15076.025862069,14504,232,14523.6896551724,14144
69,764871.818,6310070.413,22.462,14,234,21338.3376068376,20975,234,110.777777777778,114,234,17592.2606837607,17565,234,16331.5982905983,15798.5,234,14005.2008547009,14008.5
70,764867.877,6310072.673,22.458,15,236,20158.1313559322,19463.5,236,114.868644067797,112.5,236,18045.063559322,17715.5,236,14849.5338983051,14458.5,236,14645.0211864407,14069
71,764864.612,6310075.75,22.512,9,233,18724.1373390558,18171,233,108.957081545064,109,233,16399.1373390558,16319,233,14360.5536480687,13914,233,13951.2017167382,13864
72,764863.98,6310077.519,22.474,11,233,15112.321888412,14069,233,124.969957081545,125,233,16107.7296137339,15781,233,10229.3004291846,9274,233,15832.2618025751,15785
73,764864.652,6310076.988,22.517,9,234,14967.4358974359,13909.5,234,114.820512820513,116,234,15359.9700854701,15399,234,10623.1794871795,9743,234,14732.5726495727,14846
74,764857.75,6310081.79,22.476,14,234,21112.0726495726,20986.5,234,82.9102564102564,84,234,16326.4230769231,16441.5,234,17198.0683760684,17003.5,234,11752.0982905983,11713
75,764856.202,6310083.032,22.467,13,234,20285.0085470085,19638,234,98.2008547008547,99,234,16245.1965811966,15812,234,16283.2521367521,15646,234,12547.9700854701,12495.5
76,764854.479,6310082.833,22.473,13,231,17268.5324675325,16560,231,106.380952380952,107,231,15523.5367965368,15285,231,13476.1904761905,12893,231,13375.9134199134,13153
77,764852.09,6310085.215,22.484,10,233,15401.9699570815,14757,233,125.111587982833,127,233,16283.347639485,16188,233,10753.8111587983,10151,233,16362.2188841202,16424
78,764851.813,6310086.423,22.506,8,233,15743.6652360515,14862,233,137.364806866953,138,233,16934.9356223176,16969,233,10552.5751072961,9857,233,17446.7210300429,17708
79,764851.391,6310087.669,22.567,4,233,18111.6909871245,16203,233,123.772532188841,128,233,16645.0386266094,16605,233,13580.2489270386,11768,233,15647,15524
80,764849.758,6310088.134,22.49,9,232,18324.3232758621,17575.5,232,111.051724137931,114,232,15653.4353448276,15494,232,14471.0603448276,13353,232,13346.4267241379,13613
81,764845.076,6310089.15,22.503,10,233,15972.347639485,15320,233,111.648068669528,114,233,15202.5021459227,14968,233,11612.9570815451,10968,233,13971.0300429185,14052
82,764842.976,6310090.465,22.464,13,233,15281.7682403433,14285,233,112.987124463519,115,233,15123.0600858369,14677,233,10861.2575107296,10125,233,14019.7811158798,13866
83,764839.112,6310091.347,22.461,10,233,17697.1630901288,16851,233,99.7854077253219,102,233,15416.1158798283,15161,233,13648.1759656652,12965,233,13003.7896995708,13130
84,764833.637,6310087.559,22.536,11,231,18877.7359307359,18362,231,105.290043290043,106,231,16121.8744588745,15912,231,14008.8225108225,13967,231,13633.9047619048,13712
85,764827.218,6310086.913,22.484,11,233,18075.4763948498,17489,233,98.0815450643777,99,233,15068.991416309,14845,233,13809.7596566524,13050,233,12804.4549356223,12833
86,764821.496,6310087.038,22.482,8,237,16888.3164556962,15698,237,102.029535864979,100,237,14538.6835443038,14210,237,12386.5063291139,11932,237,13035.4852320675,13031
87,764817.59,6310087.272,22.475,10,233,15624.7124463519,14717,233,111.592274678112,112,233,14756.4721030043,14485,233,11245.2231759657,10613,233,14232.2961373391,14374
88,764811.776,6310089.026,22.488,9,232,19458.8405172414,19320,232,84.9655172413793,87,232,15038.4568965517,15030,232,16015.6077586207,15660,232,11727.0474137931,11629.5
89,764804.969,6310090.882,22.474,10,232,18623.8189655172,18518.5,232,92.2025862068966,93,232,15238.9439655172,15238,232,15117.8448275862,14819,232,11619.5646551724,11567
90,764799.167,6310091.431,22.503,11,234,17748.7863247863,16997.5,234,112.84188034188,114.5,234,17948.7179487179,18119.5,234,12545.4658119658,11546.5,234,14034.3290598291,13722.5
91,764791.991,6310091.389,22.463,13,234,19000.4358974359,19372,234,87.2435897435897,87,234,15167.6794871795,15346,234,16338.6239316239,16511,234,9612.9188034188,9561
92,764783.097,6310091.318,22.538,11,232,12784.4267241379,12409,232,95.0818965517241,95,232,12772.400862069,12505.5,232,9478.74568965517,9129.5,232,10061.775862069,10063.5
93,764788.865,6310117.377,22.544,6.5,234,18183.4615384615,18138,234,61.2564102564103,62,234,13878.8205128205,13802.5,234,16740.2692307692,16492,234,8448.33333333333,8439.5
94,764792.797,6310113.241,22.554,7,235,22583.8638297872,22742,235,60.0468085106383,60,235,15429.4638297872,15473,235,22337.0978723404,22154,235,8291.68936170213,8252
95,764797.4,6310112.306,22.493,11,233,16358.8154506438,15827,233,76.9184549356223,77,233,13467.1545064378,13321,233,14268.6824034335,13705,233,8811.39484978541,8792
96,764802.868,6310112.453,22.531,9,233,17953.5879828326,17752,233,78.9742489270386,80,233,14407.8454935622,14280,233,15507.7510729614,15162,233,9540.32618025751,9572
97,764808.115,6310108.369,22.548,6.5,232,15266.4051724138,14691.5,232,96.3534482758621,97,232,14007.6163793103,13852,232,12023.7327586207,11537.5,232,11248.7586206897,11285
98,764814.972,6310107.9,22.51,7,233,18134.1716738197,17792,233,77.6523605150215,79,233,13955.6309012876,13788,233,16769.2017167382,16539,233,8879.9313304721,8889
99,764820.398,6310107.15,22.489,9,233,19137.7081545064,18870,233,75.0987124463519,75,233,14350.0515021459,14223,233,18119.321888412,18138,233,8928.89270386266,8839
100,764824.233,6310106.706,22.526,7.5,232,19690.2586206897,19929,232,68.6508620689655,67.5,232,14358.3663793103,14460.5,232,18864.9525862069,19045,232,8573.71551724138,8586.5
101,764827.373,6310106.962,22.493,9,232,18719.3362068966,18535.5,232,79.0344827586207,79.5,232,15017.849137931,14770.5,232,16402.0646551724,16030,232,9431.03879310345,9441
102,764832.339,6310106.092,22.537,8,232,17182.8836206897,16519.5,232,84.073275862069,87,232,14531.5043103448,14064.5,232,14354.1767241379,13675.5,232,10160.9137931034,10100.5
103,764834.95,6310105.521,22.537,6,232,18624.0215517241,18541,232,77.4094827586207,79,232,14108.5818965517,13973.5,232,16918.7543103448,16810,232,9210.7974137931,9226
104,764839.15,6310105.221,22.546,5,233,17649.7682403433,17301,233,83.8669527896996,86,233,14114.2274678112,14033,233,15925.8755364807,15296,233,9845.97424892704,9943
105,764845.538,6310104.184,22.564,5,234,15862.8931623932,14935,234,101.717948717949,102.5,234,14900.3974358974,14692,234,12494.7393162393,11925,234,11911.6495726496,11901.5
106,764851.486,6310103.526,22.52,8,235,13966.6340425532,13407,235,115.165957446809,117,235,15151.5191489362,15137,235,10005.7829787234,9477,235,13400.6212765957,13632
107,764856.216,6310103.688,22.525,10,234,15472.2905982906,15038.5,234,90.7264957264957,91,234,13600.6623931624,13519.5,234,12985.6153846154,12561,234,9835.59401709402,9944
108,764862.601,6310103.34,22.502,9,232,16140.4439655172,15535,232,90.9008620689655,92,232,14178.5948275862,13837.5,232,13184.400862069,12603,232,9786.14224137931,9842
109,764867.956,6310096.635,22.484,12,233,23982.4592274678,24093,233,55.793991416309,57,233,14798.8326180258,14807,233,25525.330472103,25635,233,8375.85407725322,8301
110,764868.912,6310092.337,22.474,10,235,20062.1957446809,19286,235,81.9617021276596,83,235,14949.3957446809,14679,235,16789.8808510638,16275,235,10690.9063829787,10650
111,764865.71,6310086.076,22.465,12,233,17991.2746781116,17526,233,97.6266094420601,101,233,15394.6094420601,15204,233,13661.8326180258,13043,233,13022.7553648069,13136
112,764864.576,6310084.145,22.454,14,232,15786.9482758621,14890,232,112.655172413793,115,232,16379.2844827586,16067,232,10913.5775862069,10185.5,232,15231.375,15438
113,764870.889,6310082.762,22.503,5,232,22171.2025862069,22230.5,232,67.5,68,232,15229.3060344828,15170,232,19451.1982758621,19411.5,232,10335.1465517241,10322.5
114,764874.462,6310081.153,22.473,7,238,15454.8193277311,14425.5,238,91.4915966386555,92,238,14013.5168067227,13799,238,11786.2647058824,10754.5,238,12483.3571428571,12433
115,764879.448,6310080.505,22.454,9,231,17338.7445887446,16623,231,84.3549783549784,87,231,14453.8441558442,14271,231,14486.670995671,13924,231,11380.5238095238,11344
116,764884.987,6310080.81,22.428,9,233,18089.2274678112,17342,233,89.6223175965665,92,233,15221.0944206009,15024,233,14521.7639484979,13908,233,11916.5450643777,11947
117,764892.812,6310078.976,22.462,6,237,15311.6497890295,14208,237,97.620253164557,98,237,13842.6540084388,13801,237,12325.6962025316,11509,237,11965.6497890295,11826
118,764898.705,6310075.917,22.415,10,234,17057.905982906,16204,234,96.8888888888889,100,234,14378.0555555556,14062,234,13767.0512820513,13157,234,11829.1965811966,11904.5
119,764901.769,6310074.446,22.492,6,232,20107.8405172414,18194,232,81.0560344827586,83.5,232,15170.8405172414,14688,232,17179.775862069,14971.5,232,11990.4525862069,12254.5
120,764905.805,6310074.785,22.4,15,232,18521.5948275862,17577,232,100.038793103448,101,232,15823.5172413793,15530,232,13847.8534482759,13090,232,13073.9224137931,13108
121,764911.16,6310073.119,22.395,7,234,16041.4700854701,14413.5,234,103.529914529915,105,234,14608.5641025641,14339,234,11959.8461538462,10869.5,234,13546.8632478632,13692
122,764915.379,6310072.042,22.398,9,234,19215.7393162393,18229,234,112.594017094017,116,234,16195.858974359,15986,234,14992.6623931624,14257,234,13324.4829059829,13188
123,764922.612,6310071.009,22.422,8,234,17905.0299145299,17059,234,103.752136752137,104,234,15604.3717948718,15442.5,234,13955.4786324786,13428,234,13067.5854700855,13238
124,764931.308,6310069.941,22.413,7,233,19422.7596566524,17914,233,98.9270386266094,104,233,15894.8669527897,15836,233,15986.8497854077,14631,233,12543.2231759657,12569
125,764934.104,6310070.864,22.385,10,233,17492.8969957082,16973,233,112.721030042918,113,233,16256.9484978541,16111,233,12741.1545064378,12271,233,14231.6180257511,14265
126,764939.663,6310071.129,22.396,8,232,17965.8405172414,16615,232,99.426724137931,101,232,15622.5172413793,15481.5,232,13739.2801724138,12449,232,13380.6724137931,13891
127,764946.45,6310072.044,22.41,7,232,19659.9698275862,18500,232,100.581896551724,103,232,15458.7370689655,15189,232,15916.4224137931,14733,232,12132.3836206897,12097.5
128,764950.84,6310071.67,22.416,9,233,19204.8626609442,18307,233,92.3004291845494,96,233,14566.69527897,14314,233,16643.313304721,16281,233,11561.7167381974,11553
129,764954.348,6310071.842,22.391,8,232,15285.1810344828,14819,232,112.025862068966,111,232,14713.3577586207,14524,232,11095.9827586207,10788.5,232,14296.6939655172,14201.5
130,764960.307,6310070,22.353,10,234,17301.9188034188,16128.5,234,93.5470085470085,93,234,14284.2435897436,13890,234,14159.0341880342,13367.5,234,11845.8974358974,11841.5
131,764970.681,6310066.323,22.366,13,234,15825.8547008547,15355,234,104.905982905983,104,234,14717.0982905983,14547,234,11489.2264957265,11360.5,234,13209.4102564103,13168.5
132,764974.313,6310065.621,22.331,14,234,19103.3034188034,17935,234,89.5042735042735,90,234,15590.7179487179,15303.5,234,15053.0811965812,14079,234,12357.8504273504,12332
133,764978.635,6310065.337,22.322,13,234,19329.6923076923,18182.5,234,99.0299145299145,100,234,16442.2863247863,16137.5,234,14532.3376068376,13704.5,234,13955.0811965812,13932
134,764985.248,6310065.397,22.329,6,234,18978.1495726496,18770.5,234,97.3888888888889,98,234,16089.9444444444,16042,234,14510.2179487179,14398,234,13191.3974358974,13072.5
135,764989.914,6310064.427,22.354,15,234,21836.9273504274,20409,234,108.119658119658,111,234,18821.2094017094,18839,234,15889.7820512821,14545.5,234,16160.3461538462,16430.5
136,764996.301,6310064.818,22.404,9,234,16941.3675213675,15770.5,234,102.893162393162,104,234,14112.1709401709,13863,234,13308.7393162393,12506,234,12382.9871794872,12292.5
137,765001.745,6310064.27,22.368,12,234,18459.2606837607,17906.5,234,95.1965811965812,95.5,234,14677.5256410256,14546,234,14954.5085470085,14415,234,11418.9871794872,11409
138,765006.089,6310064.257,22.349,12,234,22013.6452991453,21751.5,234,65.3247863247863,65.5,234,14216.4700854701,14228,234,22318,21968,234,8844.61111111111,8813
139,765010.175,6310063.438,22.319,15.5,232,20282.7844827586,19480,232,81.8275862068966,83,232,15448.974137931,15232,232,17305.4612068966,16658.5,232,10765.5215517241,10799
140,765018.216,6310058.802,22.425,8,232,23755.0603448276,24272.5,232,66.3706896551724,67,232,15359.6465517241,15375,232,21753.3965517241,21987.5,232,8656.29310344828,8610.5
141,765018.482,6310050.69,22.428,8,233,22110.4849785408,22710,233,66.7639484978541,67,233,14203.2231759657,14354,233,21929.9442060086,22342,233,8113.63090128755,8097
142,765018.442,6310043.083,22.418,8,236,18480.5296610169,18199,236,85.2923728813559,85.5,236,13738.0593220339,13583,236,16277.063559322,16005.5,236,9638.09745762712,9641.5
143,765018.645,6310031.141,22.399,10,234,20800.7820512821,20665,234,79.2307692307692,79,234,14159.2606837607,13839.5,234,19383.5042735043,19283.5,234,9151.39316239316,9149.5
144,765018.448,6310024.255,22.395,12,233,18880.6051502146,18900,233,90,92,233,14357.1630901288,14494,233,16472.3004291846,16470,233,9518.26180257511,9501
145,765018.383,6310014.491,22.353,12,235,19561.514893617,19469,235,97.3404255319149,99,235,14962.2468085106,14894,235,16689.0382978723,16572,235,10061.2978723404,10046
146,765019.009,6310006.123,22.334,18,236,19923.3008474576,19399.5,236,86.614406779661,88,236,14612.156779661,14542,236,17824.0677966102,17162.5,236,9339.26694915254,9264.5
147,765012.098,6309996.993,22.378,11,231,20849.8484848485,20981,231,87.8917748917749,90,231,14988.354978355,15033,231,18442.5714285714,18460,231,10958.9437229437,10923
148,765005.548,6309996.476,22.36,13,233,23028.0600858369,22976,233,81.1974248927039,82,233,15356.7038626609,15341,233,21427.5450643777,21518,233,10501.7854077253,10456
149,764999.949,6309994.471,22.393,9.5,232,19602.1120689655,18760.5,232,95.6853448275862,96,232,15672.5474137931,15297,232,15361.3275862069,14786.5,232,12082.8448275862,11991
150,764999.43,6309997.5,22.4,10,232,21176.1034482759,20553,232,94.9051724137931,96,232,16577.0560344828,16316.5,232,16263.5,15801.5,232,12158.5129310345,12139.5
151,764996.588,6310001.625,22.37,12,233,20816.5493562232,20160,233,91.6652360515021,94,233,15683.356223176,15618,233,17294.0386266094,16594,233,11403.4377682403,11442
152,764992.891,6310006.141,22.375,12,236,15341.7033898305,14051,236,108.177966101695,109,236,14080.5296610169,13859,236,11347.1737288136,10510.5,236,13359.5042372881,13345.5
153,764989.094,6310010.35,22.411,9,234,17732.9658119658,17353.5,234,108.970085470085,109.5,234,14973.858974359,14739.5,234,13582.6025641026,13104,234,13143.4700854701,13216.5
154,764984.348,6310009.937,22.402,8,236,21702.2245762712,21900.5,236,93.8771186440678,95.5,236,15950.5296610169,15860,236,18380.7288135593,18232,236,12186.8474576271,12216.5
155,764981.333,6310014.123,22.376,12,234,19282.811965812,19095,234,90.6709401709402,94,234,14344.9230769231,14198,234,17046.4829059829,16882,234,11205.8504273504,11216.5
156,764978.162,6310019.206,22.365,10,233,15521.6394849785,14107,233,108.463519313305,110,233,14355.8240343348,13914,233,11919.3261802575,10532,233,13016.8927038627,13073
157,764975.989,6310021.225,22.364,12,234,17522.9914529915,16949.5,234,96.4230769230769,96.5,234,14545.8247863248,14374,234,14311.8675213675,13449,234,11594.6324786325,11609.5
158,764972.156,6310023.165,22.359,14,233,17814.034334764,17357,233,104.047210300429,104,233,15542.3175965665,15521,233,13754.1802575107,13091,233,12424.2703862661,12320
159,764971.245,6310024.702,22.354,15,235,15285.2127659574,14408,235,122.106382978723,121,235,15566.8595744681,15270,235,9892.94042553192,9349,235,15477.2595744681,15560
160,764965.159,6310023.251,22.363,10,232,18095,16888.5,232,104.021551724138,106.5,232,15464.2284482759,15224,232,14537.7456896552,13563.5,232,12296.7672413793,12328
161,764959.589,6310022.045,22.353,14,233,15560.0557939914,14686,233,106.188841201717,107,233,14246.3605150215,14065,233,12163.1287553648,11469,233,12243.69527897,12194
162,764952.535,6310022.21,22.386,12,233,18520.3261802575,18017,233,95.1115879828326,97,233,14751.9227467811,14725,233,15410.017167382,15031,233,11737.1072961373,11745
163,764948.654,6310025.038,22.377,9,233,16921.2446351931,15217,233,95.9656652360515,99,233,14655.0686695279,14295,233,13181.321888412,11882,233,12496.5021459227,12324
164,764945.099,6310028.101,22.416,9,232,18149.3793103448,17429,232,95.9568965517241,98,232,14817.0646551724,14562.5,232,14555.4956896552,13923.5,232,12030.0818965517,11929
165,764943.673,6310032.527,22.401,8,232,19028.1163793103,18168.5,232,92.375,94,232,14725.3017241379,14542.5,232,16052.7844827586,15392,232,11667.2887931034,11636
166,764938.569,6310031.688,22.396,10,233,18647.8326180257,17653,233,80.1974248927039,80,233,14483.5064377682,14307,233,16062.2188841202,15320,233,11477.982832618,11403
167,764936.193,6310036.691,22.396,13,232,20254.2887931034,19290.5,232,89.3362068965517,90,232,15655.1551724138,15511.5,232,16721.7543103448,15938.5,232,11885.4655172414,11814.5
168,764930.76,6310035.91,22.383,9,232,19153.474137931,18481.5,232,104.314655172414,107,232,16573.0086206897,16428,232,14760.7715517241,14104.5,232,13432.2931034483,13454
169,764927.227,6310029.768,22.393,18.5,234,23411.6538461538,23172,234,83.7222222222222,85,234,17465.6837606838,17364,234,19581.2777777778,19299,234,12042.5384615385,11878.5
170,764925.286,6310023.962,22.405,7.5,233,21402.5021459227,21084,233,82.1287553648069,81,233,15711.7081545064,15612,233,19665.8583690987,19085,233,11073.1845493562,11082
171,764925.294,6310020.657,22.4,7,233,21545.3261802575,19985,233,92.5836909871245,94,233,16338.5579399142,15898,233,19125.4420600858,17879,233,11695.6652360515,11654
172,764923.67,6310018.326,22.431,6,233,22525.7339055794,21669,233,82.6781115879828,84,233,16009.7725321888,15716,233,20472.2660944206,19663,233,10754.2231759657,10709
173,764923.058,6310017.052,22.399,7,233,19245.5965665236,18980,233,90.274678111588,90,233,14815.9871244635,14617,233,16885.9484978541,16108,233,11043.025751073,11099
174,764920.351,6310014.326,22.405,6,234,18382.7991452991,17338,234,103.098290598291,105,234,15150.8931623932,14859,234,14979.9230769231,14038,234,12396.5299145299,12535.5
175,764917.541,6310012.458,22.471,0,232,17969.3189655172,17359.5,232,96.7543103448276,98.5,232,14403.974137931,14475,232,15058.724137931,14351.5,232,13304.7370689655,13140.5
176,764916.808,6310014.042,22.478,0,232,19099.6293103448,18535.5,232,75.3879310344828,73,232,13971.3275862069,14067,232,17217.525862069,16396,232,11230.0646551724,11165
177,764916.757,6310015.733,22.489,0,232,21105.9094827586,20589.5,232,66.2068965517241,65,232,14553.4439655172,14501,232,19420.974137931,18684,232,10661.5129310345,10634
178,764916.272,6310017.269,22.493,0,233,18038.5021459227,17089,233,79.4635193133047,79,233,13794.2446351931,13491,233,16095.8154506438,15235,233,11982.5021459227,11935
179,764916.218,6310018.958,22.468,1,232,19643.6120689655,19243,232,91.3448275862069,93,232,15161.099137931,14863,232,17042.5775862069,16757.5,232,11794.7586206897,11821
180,764915.032,6310017.284,22.468,0,234,21690.7905982906,21401,234,65.4102564102564,66,234,15016.1367521368,15103,234,20111.5,19693,234,10413.9017094017,10427.5
181,764914.959,6310015.465,22.481,0,233,22439.347639485,22368,233,66.206008583691,66,233,15446.635193133,15615,233,20617.9227467811,20434,233,10575.9184549356,10632
182,764914.798,6310013.77,22.452,0,232,19527.275862069,18735,232,72.9612068965517,72,232,14222.4482758621,13949,232,17254.6379310345,16554.5,232,11490.1724137931,11399.5
183,764915.378,6310009.595,22.46,0,232,19096.9181034483,18688.5,232,91.323275862069,92,232,14864.4784482759,14903,232,15905.650862069,15511.5,232,12895.2198275862,12852
184,764916.744,6310008.014,22.484,0,235,20080.6553191489,19163,235,73.2085106382979,71,235,14304.4170212766,14054,235,17591.6978723404,16645,235,11483.3361702128,11462
185,764916.818,6310006.384,22.453,0,235,22972.6340425532,22903,235,77.8085106382979,79,235,15885.2085106383,15954,235,19876.170212766,19657,235,11675.1191489362,11549
186,764917.261,6310004.755,22.483,0,233,21739.9356223176,22026,233,84.0729613733906,83,233,15696.7038626609,15698,233,18044.3862660944,18106,233,12560.8283261803,12393
187,764917.718,6310003.764,22.478,1,234,18815.5512820513,17857.5,234,98.1282051282051,100,234,14877.3461538462,14599.5,234,15456.1324786325,14490,234,13060.2435897436,13099.5
188,764919.286,6310003.167,22.464,1,233,16808.0729613734,16661,233,121.128755364807,123,233,15355.4420600858,15354,233,12787.3733905579,12567,233,15692.9613733906,15348
189,764919.202,6310005.957,22.446,2,232,20787.8620689655,19476.5,232,101.918103448276,104,232,16109.5646551724,15820,232,16849.349137931,15530.5,232,12994.5,13174.5
190,764912.979,6310009.505,22.429,4,232,21676.9568965517,21494.5,232,90.8146551724138,92,232,15885.1379310345,15697,232,18640.6336206897,18746,232,11741.849137931,11698
191,764911.166,6310007.606,22.445,4,236,22291.093220339,22182,236,79.2627118644068,81.5,236,15580.8516949153,15623.5,236,20008.3898305085,19737.5,236,11149.9957627119,11157
192,764906.809,6310008.871,22.432,7,235,18948.5659574468,16844,235,107.225531914894,112,235,15988.1489361702,15309,235,14763.1617021277,12800,235,13732.8127659574,14019
193,764903.656,6310011.483,22.449,9,232,17314.9137931034,16932.5,232,115.650862068966,119,232,15798.5043103448,15635,232,13265.5560344828,13120,232,14354.1379310345,14488.5
194,764899.45,6310009.068,22.437,8,234,21045.5384615385,20973.5,234,85.034188034188,87,234,15395.0341880342,15180.5,234,19058.5726495726,19085,234,11535.7435897436,11524.5
195,764895.183,6310004.696,22.424,9,233,19262.6738197425,18692,233,100.128755364807,101,233,15533.0772532189,15520,233,16241.0472103004,15669,233,12743.8454935622,12807
196,764891.525,6310001.954,22.411,11,233,16821.7725321888,16049,233,122.424892703863,123,233,16198.2060085837,15887,233,12437.4377682403,11764,233,14597.2060085837,14582
197,764886.853,6309999.849,22.429,10,235,16334.4,15618,235,107.885106382979,110,235,14975.6127659574,14732,235,12987.9829787234,12535,235,13648.1872340426,13697
198,764881.426,6309998.231,22.437,9,232,21478.3879310345,21626,232,82.6336206896552,82.5,232,16124.8060344828,16111,232,18250.5043103448,18724,232,11734.0732758621,11631.5
199,764877.721,6309995.134,22.389,17,233,15968.2403433476,15569,233,120.678111587983,119,233,15868.3433476395,15773,233,11527.1502145923,11245,233,14680.9227467811,14749
200,764871.028,6309991.529,22.46,6,235,21505.2510638298,20719,235,84.6936170212766,87,235,15642.4765957447,15500,235,19143.885106383,18423,235,11371.6978723404,11399
201,764863.107,6309987.407,22.454,10,234,16662.6111111111,16092.5,234,108.17094017094,111,234,14995.4017094017,14735,234,12384.9914529915,11905,234,13379.452991453,13560
202,764855.374,6309985.073,22.415,10,234,20502.188034188,20671,234,93.6025641025641,96,234,15950.9786324786,15916,234,17664.1025641026,17599,234,12121.8418803419,12070
203,764852.301,6309983.4,22.385,10,234,18846.8333333333,18456.5,234,103.487179487179,103,234,15654.2393162393,15451,234,14988.9316239316,14692,234,12693.9700854701,12756.5
204,764847.783,6309982.352,22.42,10,232,20464.0129310345,19507,232,108.896551724138,110,232,16864.6896551724,16510,232,15846.8362068966,14904.5,232,13429.7931034483,13480.5
205,764844.61,6309979.511,22.428,8,233,23968.4248927039,23740,233,82.31330472103,83,233,16893.6652360515,16762,233,20919.4549356223,20783,233,11807.982832618,11771
206,764838.738,6309978.054,22.443,9,232,20111.4267241379,19481,232,91.1422413793103,94,232,15588.0043103448,15480,232,16837.4655172414,16366.5,232,12168.2629310345,12087
207,764836.694,6309977.207,22.408,10,234,17006.5854700855,16318,234,108.824786324786,109,234,15846.9316239316,15680.5,234,12500.2521367521,11736.5,234,14568.358974359,14613.5
208,764834.127,6309975.568,22.468,7,232,16708.4181034483,15936.5,232,110.228448275862,111.5,232,15870.7543103448,15662.5,232,12699.8922413793,12145,232,15082.1982758621,15131
209,764830.509,6309974.757,22.45,8,233,17851.4120171674,17005,233,104.223175965665,105,233,15274.5922746781,15112,233,13981.7982832618,13439,233,13616.30472103,13717
210,764825.774,6309974.266,22.458,9,234,17518.858974359,16073,234,106.264957264957,111,234,15464.3717948718,15203,234,13817.4444444444,12958,234,13374.5,13394
211,764820.594,6309974.524,22.469,6,233,19838.1416309013,18624,233,113.364806866953,115,233,16365.1716738197,15972,233,16392.660944206,15475,233,13286.9098712446,13330
212,764819.749,6309974.46,22.55,0,232,19147.0387931034,18345.5,232,115.698275862069,117,232,15968.7068965517,15783.5,232,16249.900862069,15292,232,14317.9655172414,14480.5
213,764818.091,6309974.966,22.543,0,236,18752.0720338983,18109,236,108.453389830508,110,236,15541.2076271186,15487,236,16207.3728813559,15522,236,13909.4745762712,13831.5
214,764816.448,6309975.46,22.534,0,232,20726.9310344828,20457.5,232,92.9827586206897,94,232,15321.2543103448,15298,232,18776.5948275862,18292.5,232,12463.0129310345,12517.5
215,764813.92,6309973.777,22.438,5,233,18252.3991416309,17501,233,111.523605150215,111,233,15590.2660944206,15476,233,14749.7639484979,14091,233,12971.7467811159,13090
216,764812.886,6309966.641,22.447,4,237,22759.0168776371,22436,237,94.8438818565401,97,237,16138.5991561181,15840,237,21529.2320675105,21132,237,10801.8987341772,10527
217,764813.062,6309959.227,22.487,5,231,18131.2640692641,17373,231,119.995670995671,121,231,15890.3333333333,15758,231,14591.7965367965,13822,231,13232.9913419913,13362
218,764815.054,6309955.675,22.475,5,234,23621.1623931624,23588.5,234,83.0897435897436,84,234,15593.905982906,15445,234,22728.905982906,22678,234,10069.0213675214,10056.5
219,764822.252,6309951.32,22.525,6,234,17568.7991452991,16650,234,113.636752136752,116,234,15582.4273504273,15419,234,14250.1623931624,13662.5,234,13870.4914529915,13948
220,764824.78,6309950.416,22.472,10,234,20813.3076923077,20264.5,234,100.820512820513,103,234,16400.0427350427,16342,234,17509.2692307692,17001,234,12635.1239316239,12708
221,764835.7,6309949.109,22.426,9,233,15804.2274678112,14952,233,122.098712446352,123,233,15510.2145922747,15255,233,11898.6008583691,11198,233,14408.4420600858,14345
222,764839.34,6309949.631,22.451,7,234,18549.9230769231,18019,234,104.393162393162,106,234,15567.5384615385,15505,234,14802.0299145299,14287.5,234,13082.2863247863,13105
223,764844.875,6309949.12,22.45,10,233,18915.9098712446,18342,233,105.660944206009,108,233,15664.0472103004,15411,233,15064.643776824,14764,233,13016.6738197425,13002
224,764849.595,6309949.202,22.455,9,234,21713.6666666667,21565.5,234,91.1025641025641,93,234,16051.1111111111,15963,234,18011.2008547009,17801.5,234,11700.9871794872,11709.5
225,764854.861,6309949.48,22.421,9,235,18532.8553191489,18095,235,101.987234042553,103,235,15519.0765957447,15283,235,14472.5957446809,14015,235,12884.3829787234,12639
226,764859.039,6309950.675,22.411,10,232,22844.75,23129.5,232,89.7025862068966,90.5,232,16615.625,16774.5,232,19504.3706896552,19456,232,11643.6681034483,11713
227,764865.732,6309950.683,22.439,8,236,20660.4152542373,19588.5,236,100.622881355932,101,236,16258.2288135593,15771.5,236,16606.4110169492,15741,236,12525.0508474576,12404.5
228,764872.624,6309949.474,22.409,12,235,20679.8893617021,20122,235,102.012765957447,104,235,16689.5574468085,16590,235,16301.229787234,16089,235,12646.9829787234,12592
229,764877.319,6309948.741,22.397,10,236,18328.75,17354,236,108.114406779661,110,236,15855.436440678,15532,236,13913.0720338983,13121,236,13211.8686440678,13063.5
230,764884.564,6309948.935,22.426,6,234,18255.5641025641,17532.5,234,92.8333333333333,92,234,14496.4957264957,14265.5,234,15707.5683760684,15222,234,11784.358974359,11766.5
231,764885.372,6309949.547,22.486,1,232,18460.4870689655,17459,232,99.8060344827586,100,232,15213.7327586207,14975.5,232,15709.0775862069,14921,232,13297.3836206897,13249
232,764886.527,6309949.852,22.421,5,232,19283.1336206897,18647.5,232,96.9612068965517,98,232,15442.7284482759,15171.5,232,16039.3879310345,15493,232,12712.7370689655,12597.5
233,764891.568,6309949.492,22.41,3,232,17001.5646551724,16129.5,232,104.090517241379,104,232,15018.025862069,14631.5,232,13213.0387931034,12543.5,232,13086.6336206897,13140.5
234,764894.795,6309949.95,22.446,3,233,17611.2360515021,16923,233,110.047210300429,111,233,15579.8197424893,15380,233,13565.6223175966,13154,233,14191.9785407725,14298
235,764897.79,6309950.669,22.445,1,231,18150.9393939394,17079,231,108.411255411255,110,231,15675.6536796537,15549,231,14504.9264069264,13723,231,14821.683982684,15055
236,764898.163,6309951.563,22.466,1,235,20008.8765957447,19262,235,104.51914893617,104,235,16245.8553191489,16182,235,16117.7659574468,15467,235,14010.8510638298,13884
237,764899.291,6309951.074,22.445,3,234,17188.4316239316,16448.5,234,103.076923076923,103,234,14852.5598290598,14696,234,13984.1282051282,13353.5,234,13510.2735042735,13644.5
238,764902.135,6309950.628,22.443,1,232,20462.3879310345,19736,232,82.926724137931,82.5,232,15302.2284482759,15172.5,232,18025.4482758621,17343.5,232,11703.4439655172,11620.5
239,764904.372,6309946.743,22.427,3,233,19085.2875536481,18176,233,104.210300429185,105,233,16334.9270386266,16078,233,14855.1459227468,14231,233,13707.4163090129,13884
240,764906.765,6309947.277,22.45,1,232,19791.150862069,18160,232,100.150862068966,101,232,16128.7068965517,15772,232,16396.8706896552,15273.5,232,13622.3103448276,13592
241,764906.718,6309945.652,22.461,1,232,20461.9094827586,18622.5,232,96.0086206896552,97,232,16372.4525862069,15704.5,232,16920.9784482759,15340.5,232,13509.8362068966,13448.5
242,764908.149,6309945.235,22.44,3.5,232,18613.3017241379,17598.5,232,104.168103448276,105,232,15599.1810344828,15579,232,15308.025862069,14561,232,13567.0474137931,13479
243,764913.175,6309946.95,22.41,5.5,233,17068.7768240343,15493,233,115.811158798283,117,233,15355.4892703863,14925,233,13366.2918454936,12048,233,14151.982832618,14177
244,764919.715,6309949.134,22.391,8,236,19891.2923728814,19011,236,94.478813559322,95,236,15373.906779661,15003,236,17404.0889830508,16659.5,236,11904.7161016949,11966
245,764925.888,6309949.144,22.423,5,234,19124.2264957265,17398,234,102.247863247863,102.5,234,15815.2478632479,15444,234,16060.1068376068,14489,234,13241.641025641,13378.5
246,764933.198,6309950.608,22.396,8,236,19919.8559322034,19416,236,95.4237288135593,97,236,15582.8008474576,15509,236,17292.5889830508,16618,236,11829.813559322,11827.5
247,764939.151,6309951.995,22.343,10,233,18567.3433476395,17453,233,102.317596566524,103,233,15409.7596566524,15005,233,15186.9527896996,14145,233,12496.0772532189,12548
248,764945.6,6309952.058,22.274,11,233,19469.8841201717,18047,233,100.145922746781,102,233,15611.3261802575,15021,233,16132.5579399142,15047,233,12144.4978540773,12049
249,764951.885,6309951.413,22.301,13,232,17906.7715517241,16643,232,107.431034482759,108,232,15420.5646551724,15050,232,13929.5517241379,13276.5,232,13559.4698275862,13522
250,764955.71,6309951.534,22.295,15,233,20205.6309012876,19351,233,119.43347639485,120,233,17701.3090128755,17385,233,14255.8197424893,13720,233,15030.8025751073,14878
251,764961.382,6309950.361,22.349,10,234,19638.5299145299,19256.5,234,104.316239316239,105.5,234,15796.6111111111,15580,234,14943.4871794872,14308.5,234,12875.4230769231,12864
252,764968.329,6309951.938,22.352,8,233,23618.2703862661,22821,233,91.6523605150215,94,233,16264.2446351931,15864,233,19459.3261802575,18686,233,11906.3819742489,11990
253,764976.514,6309951.706,22.42,5,232,20725.6379310345,19368,232,97.5862068965517,98,232,16060.9655172414,15918,232,16674.5862068966,15360.5,232,13073.650862069,13037
254,764983.487,6309951.178,22.418,4,233,18654.7210300429,17510,233,109.545064377682,112,233,15952.0472103004,15561,233,13787.4506437768,12908,233,14019.6652360515,14210
255,764990.486,6309950.607,22.417,5,233,18340.0300429185,17949,233,99.1630901287554,99,233,14917.347639485,14791,233,14389.2746781116,13862,233,12541.30472103,12510
256,764991.332,6309952.584,22.462,0,232,17950.5215517241,16833,232,110.831896551724,111.5,232,15404.7198275862,15139.5,232,13765.3448275862,13153,232,14646.8965517241,14642
257,764990.711,6309956.078,22.458,0,232,17649.5043103448,17033.5,232,116.288793103448,117,232,15605.9784482759,15635.5,232,13540.8318965517,13104.5,232,15622.5948275862,15136
258,764990.099,6309957.713,22.485,0,235,18971.4255319149,18350,235,97.3021276595745,97,235,14984.8085106383,15093,235,15550.9446808511,15152,235,13356.6127659574,13334
259,764989.769,6309959.632,22.468,0,234,17242.7777777778,16530,234,100.337606837607,101,234,14695.1794871795,14591.5,234,14202.0085470085,13575.5,234,14594.3846153846,14620.5
260,764989.261,6309962.04,22.477,0,232,16461.375,16178.5,232,114.137931034483,113.5,232,15123.0689655172,15058,232,13147.849137931,12934,232,16636.9439655172,16678
261,764991.261,6309962.865,22.498,0,232,21483.0474137931,21234,232,77.7068965517241,78,232,15243.224137931,15138.5,232,19161.4224137931,18809,232,11361.9224137931,11326.5
262,764992.411,6309959.344,22.484,0,234,18185.9786324786,17623,234,89.7863247863248,90,234,14265.7222222222,14057.5,234,15470.2777777778,15095,234,12560.9743589744,12488
263,764992.815,6309957.199,22.482,0,232,18430,17755,232,85.3793103448276,85,232,14093.9784482759,13902.5,232,15919.2327586207,15176,232,12476.0603448276,12517.5
264,764993.999,6309953.296,22.462,1,232,19553.1422413793,18764.5,232,88.1163793103448,91,232,14392.5732758621,14298,232,16856.6422413793,16320,232,11851.2931034483,11913
265,764992.267,6309949.271,22.456,1,233,21437.4849785408,20293,233,114.540772532189,119,233,16268.1931330472,16159,233,17110.2317596567,16162,233,13547.5321888412,13500
266,764994.412,6309942.117,22.45,4,233,20410.364806867,20342,233,83.7854077253219,84,233,14716.8755364807,14670,233,18087.3347639485,17572,233,11200.3347639485,11114
267,764998.725,6309944.362,22.404,8,233,19134.8240343348,18799,233,97.3733905579399,98,233,14649.6995708154,14536,233,15552.7510729614,14960,233,12226.0686695279,12247
268,765001.928,6309944.442,22.331,18,233,16690.69527897,16405,233,122.081545064378,123,233,16540.6266094421,16330,233,11097.8669527897,11030,233,14723.9055793991,14738
269,765005.429,6309943.47,22.348,10,232,19504.1206896552,18628,232,91.2672413793103,92,232,14764.8706896552,14486.5,232,15504.0172413793,14861,232,11726.9353448276,11766
270,765009.145,6309947.483,22.336,10,234,23989.0256410256,23737,234,71.5128205128205,72,234,16095.9230769231,15995.5,234,20484.811965812,20189.5,234,10610.6709401709,10545.5
271,765013.664,6309950.605,22.323,10,234,25003.2136752137,24783,234,63.7564102564103,64,234,15755.8632478632,15647,234,24025.3803418803,23397.5,234,9516.92307692308,9464.5
272,765019.984,6309954.628,22.36,7,233,22549.5579399142,22819,233,74.5278969957082,73,233,14964.2188841202,14986,233,21237.5236051502,21306,233,9406.69957081545,9323
273,765028.273,6309957.216,22.397,9,232,20541.1422413793,20546.5,232,58.4698275862069,58,232,13926.9051724138,14024.5,232,20195.6939655172,20331,232,7974.71120689655,7972
274,765033.078,6309954.758,22.319,19,233,14737.6566523605,14407,233,105.236051502146,107,233,14884.2403433476,14733,233,11325.2746781116,11173,233,10927.9313304721,10896
275,765024.754,6309949.965,22.383,7,234,22552.0170940171,23120.5,234,65.2307692307692,67,234,15167.3162393162,15265.5,234,21549.7435897436,22144.5,234,9051.54700854701,9033
276,765015.864,6309944.55,22.32,12,232,21792.0818965517,21680.5,232,72.051724137931,73,232,14944.0387931034,14752.5,232,19849.7629310345,19852.5,232,9502.56034482759,9555.5
277,765006.52,6309941.453,22.325,12,233,23498.2746781116,23836,233,72.0515021459227,73,233,15748.4120171674,15812,233,20766.1502145923,20694,233,10735.0042918455,10741
278,765001.807,6309935.442,22.375,6,234,18148.3888888889,17088,234,104.448717948718,104,234,14865.6239316239,14524,234,14437.2222222222,13726.5,234,12794.3846153846,12764.5
279,764998.594,6309928.225,22.359,6,234,18916.9188034188,18311.5,234,103.111111111111,104,234,15363.4700854701,15291,234,15420.952991453,15057,234,12956.0299145299,13017.5
280,764989.266,6309921.965,22.387,5,234,18236.8418803419,17430.5,234,109.811965811966,108,234,15295.141025641,14948,234,13990.4786324786,13465,234,12839.5299145299,12814
281,764983.932,6309919.458,22.409,6,232,18865.1551724138,17557.5,232,113.081896551724,116,232,16148.0517241379,15755,232,14560.1034482759,13535.5,232,13912.4612068966,13970
282,764974.983,6309914.471,22.369,7,232,18236.5301724138,17108,232,101.025862068966,102,232,14800.7887931034,14580,232,14849.3663793103,14057.5,232,12413.5043103448,12416
283,764967.761,6309911.554,22.302,15,234,18140.1581196581,17368,234,107.192307692308,108,234,15902.5256410256,15901.5,234,13924.9273504273,13628,234,13405.641025641,13320.5
284,764958.495,6309908.603,22.3,10,231,18656.6103896104,17319,231,103.5670995671,105,231,15963.1125541126,15511,231,15286.6277056277,14028,231,13167.9350649351,13202
285,764950.426,6309903.982,22.346,10,234,23296.3931623932,23112.5,234,95.5982905982906,98.5,234,16910.5170940171,16593,234,20487.4230769231,20696.5,234,12069.0256410256,11565
286,764938.049,6309899.63,22.381,6,233,21641.4377682403,21143,233,104.751072961373,107,233,16744.4334763949,16712,233,17743.7553648069,17115,233,12855.9699570815,12818
287,764932.648,6309897.145,22.352,8,233,21012.0600858369,20576,233,98.9184549356223,99,233,16422.2618025751,16179,233,17741.4120171674,17383,233,12608.6566523605,12635
288,764926.484,6309895.208,22.379,8,234,19810.0042735043,18679.5,234,92.982905982906,95,234,15618,15261,234,17314.7777777778,16473,234,12697.264957265,12657.5
289,764920.622,6309892.501,22.391,5,233,17972.6566523605,16608,233,104.768240343348,106,233,15472.7210300429,15110,233,14352.7081545064,13192,233,13421.7081545064,13479
290,764912.446,6309890.809,22.412,5,232,18823.0086206897,16376.5,232,92.0258620689655,94,232,15301.4439655172,14926,232,16465.974137931,14284,232,12757.9310344828,13015.5
291,764906.05,6309888.631,22.4,9,232,17873.3060344828,16922,232,95.6896551724138,98.5,232,15215.8663793103,14903.5,232,14615.6939655172,13874,232,12671.2844827586,12756
292,764900.142,6309885.987,22.375,9,233,19648.1587982833,18868,233,89.9742489270386,91,233,15546.7510729614,14995,233,16566.982832618,16036,233,11818.1630901288,11855
293,764893.186,6309883.329,22.39,5,232,19087.1767241379,18007,232,107.306034482759,110,232,16421.2887931034,16182,232,14798.0689655172,13969,232,13489.5344827586,13517.5
294,764884.039,6309879.296,22.436,6,231,20213.8095238095,19025,231,98.9437229437229,100,231,16291.645021645,15892,231,16072.0995670996,14924,231,12969.0432900433,12913
295,764883.394,6309877.058,22.462,1,233,19531.8111587983,18339,233,112.424892703863,114,233,16576.0042918455,16301,233,15128.5278969957,14285,233,15186.0214592275,15198
296,764883.648,6309876.214,22.481,0,233,19463.6824034335,18247,233,101.776824034335,102,233,15916.6995708154,15677,233,15753.7896995708,15056,233,14680.5965665236,14589
297,764884.001,6309874.669,22.482,1,233,18963.1158798283,18176,233,105.236051502146,106,233,15759.652360515,15537,233,15087.5622317597,14603,233,14019.6824034335,13969
298,764879.734,6309875.135,22.342,20,236,16168.3601694915,15616.5,236,129.415254237288,130,236,16844.7754237288,16595.5,236,11207.8050847458,11034.5,236,15550.7584745763,15520.5
299,764877.648,6309874.251,22.397,12,235,18474.9106382979,16841,235,117.906382978723,120,235,16796.3489361702,16418,235,13502.9574468085,12457,235,14360.5404255319,14293
300,764869.583,6309869.307,22.373,13,231,15903.9350649351,14900,231,102.337662337662,103,231,14694.5238095238,14350,231,12242.5844155844,11360,231,12306.5974025974,12208
301,764858.603,6309861.007,22.434,8,233,18240.8454935622,17428,233,80.1845493562232,81,233,14573.6180257511,14234,233,15275.6051502146,14888,233,10997.7081545064,10990
302,764852.208,6309857.664,22.47,10,233,21269.4935622318,21194,233,77.8884120171674,78,233,15407.7296137339,15489,233,19475.669527897,19351,233,10917.6223175966,10799
303,764850.547,6309857.103,22.363,19.5,234,13838.0683760684,13046,234,115.32905982906,115.5,234,15020.2136752137,14559,234,9699.55555555555,9153.5,234,14959.1367521368,14826.5
304,764846.674,6309856.317,22.467,9,232,20622.8189655172,19954.5,232,80.4698275862069,79,232,15457.3232758621,15280,232,17442.2370689655,16659.5,232,11117.0517241379,10976.5
305,764839.067,6309851.253,22.414,9,232,19752.150862069,19566,232,77.7413793103448,78.5,232,14645.0172413793,14469,232,16756.1465517241,16745.5,232,10895.0732758621,10935
306,764828.437,6309846.975,22.423,9,232,16261.7327586207,15036,232,85.1896551724138,84,232,13444.1336206897,13087.5,232,12958.9439655172,11885,232,11094.1077586207,11098
307,764817.536,6309846.217,22.477,8,231,18137.8138528139,17446,231,75.978354978355,74,231,13718.4675324675,13432,231,15582.4329004329,14846,231,8561.85281385281,8522
308,764812.307,6309843.247,22.445,11,234,22322.6153846154,23005,234,53.2222222222222,53,234,13849.0427350427,13865,234,23458.1324786325,23921.5,234,7342.20085470085,7290.5
309,764815.422,6309824.315,22.403,10,235,20124.9957446809,19670,235,97.2170212765957,97,235,17508.3319148936,17286,235,15668.0382978723,15523,235,11252.2893617021,11267
310,764815.97,6309820.317,22.358,16,234,15122.905982906,14744.5,234,103.393162393162,102,234,15356.7264957265,15378.5,234,11096.0598290598,10872.5,234,11135.3931623932,11006
311,764816.361,6309818.483,22.374,16,233,15083.7467811159,13457,233,94.8841201716738,93,233,14299.364806867,13613,233,11655.1502145923,10658,233,9916.75107296137,9880
312,764816.756,6309816.834,22.387,14,236,20627.9788135593,19957.5,236,99.906779661017,100,236,19235.5550847458,19295.5,236,15047.3855932203,14240.5,236,13126.6991525424,13254
313,764817.242,6309814.088,22.394,16,234,21116.2905982906,20745.5,234,102.230769230769,103,234,20154.5085470085,20479.5,234,15044.858974359,14716,234,13445.2393162393,13777
314,764818.054,6309814.402,22.424,13,234,15478.7008547009,14557.5,234,95.2564102564103,95,234,14594.7991452991,14282.5,234,12373.3418803419,11713,234,10169.6923076923,10110.5
315,764819.095,6309804.897,22.494,7,233,21625.5708154506,21986,233,64.6738197424893,63,233,14897.5793991416,14967,233,20542.8369098712,20822,233,8502.95278969957,8482
316,764820.171,6309797.721,22.436,8,233,19020.0600858369,18870,233,74.9484978540773,74,233,14118.1716738197,14007,233,18152.1587982833,18219,233,8534.90128755365,8479
317,764829.159,6309795.715,22.457,8,232,17151.6896551724,16553.5,232,95.4827586206897,95,232,14475.3922413793,14340,232,14285.375,13556,232,10251.4568965517,10121
318,764835.38,6309794.755,22.489,7,232,16028.8879310345,15387,232,101.387931034483,102,232,14575.0431034483,14458,232,12576.9525862069,12125,232,12034.2931034483,11933.5
319,764845.197,6309796.028,22.439,9,233,19148.0472103004,18480,233,94.9484978540773,95,233,15831.0429184549,15718,233,15828.0686695279,15235,233,11890.9356223176,11842
320,764854.363,6309797.231,22.428,9,233,18817.5450643777,17971,233,93.6824034334764,96,233,15024.7639484979,15039,233,15616.974248927,14735,233,11638.6394849785,11750
321,764859.819,6309797.686,22.411,10,234,15775.8504273504,14393.5,234,117.333333333333,118,234,15951.0213675214,15506.5,234,10906.264957265,9972.5,234,15442.4700854701,15539.5
322,764866.393,6309799.379,22.414,9,232,21544.4439655172,21035,232,81.0689655172414,84,232,16228.5086206897,16028,232,18953.125,18324,232,11524.3405172414,11493.5
323,764871.98,6309801.075,22.396,10,232,18664.75,18488,232,103.568965517241,105.5,232,15922.7543103448,15840,232,14988.4482758621,14433,232,13303.2801724138,13452
324,764879.932,6309802.809,22.409,11,232,19990.7068965517,19902,232,91.7284482758621,92,232,15617.7629310345,15637.5,232,16851.0517241379,16726.5,232,11948.6465517241,11876.5
325,764886.059,6309803.686,22.436,6.5,235,17051.5531914894,16066,235,125.468085106383,128,235,16509.5659574468,16311,235,12579.8553191489,11855,235,16128.0468085106,16430
326,764893.473,6309804.804,22.411,8,234,22992.0299145299,21617,234,93.8589743589744,95,234,17371.4700854701,17414.5,234,19923.9829059829,18919,234,12412.2564102564,12538
327,764899.979,6309807.984,22.345,20,232,15784.8103448276,15097.5,232,122.077586206897,121,232,17926.5431034483,17112.5,232,10252.6163793103,9885.5,232,16819.4525862069,16761.5
328,764905.731,6309807.126,22.389,3,234,20156.405982906,19040,234,92.5940170940171,96,234,16249.594017094,15983,234,17481.8846153846,16395,234,12710.8333333333,12896
329,764913.337,6309807.801,22.398,3,234,16067.2777777778,14748,234,111.709401709402,114.5,234,15107.9273504273,14912,234,12491.1752136752,11308,234,14990.1666666667,15019.5
330,764926.286,6309807.293,22.372,9,232,24146.1120689655,23722,232,85.6293103448276,86,232,18145.8232758621,18059,232,19793.1293103448,19208,232,12302.9784482759,12293
331,764932.747,6309806.415,22.383,7,234,18600.3504273504,17316,234,96.542735042735,98,234,15253.5128205128,14941.5,234,15536.4829059829,14491.5,234,12329.8247863248,12327
332,764933.986,6309805.599,22.308,18,233,16910.2618025751,16559,233,104.339055793991,104,233,15544.6223175966,15179,233,12930.6094420601,12825,233,13478.2317596567,13344
333,764954.317,6309804.072,22.371,7,234,20008.6367521368,19730.5,234,91.8461538461538,92.5,234,15916,15708.5,234,16744.7948717949,16400.5,234,12031.6623931624,12029
334,764965.542,6309804.853,22.385,9,233,20610.6909871245,20106,233,90.1072961373391,91,233,16185.8583690987,15932,233,17140.4806866953,16438,233,11456.1716738197,11443
335,764978.531,6309804.13,22.368,7,232,18455.7112068966,18051,232,103.39224137931,105,232,15314.9439655172,15149,232,14804.1034482759,14319.5,232,12790.9913793103,12774
336,764988.945,6309802.286,22.356,10,232,23054.6724137931,22747,232,94.8146551724138,96,232,16552.2456896552,16151,232,19768.099137931,19394,232,11955.5086206897,11881.5
337,764993.177,6309800.606,22.333,15,231,19921.9956709957,18722,231,104.623376623377,105,231,16002.0476190476,15653,231,16164.012987013,15331,231,12736.3636363636,12712
338,765007.995,6309798.319,22.379,6,234,17613.0256410256,16928.5,234,111.957264957265,111,234,15229.688034188,15024.5,234,13807.2692307692,13284,234,14012.9829059829,14083
339,765015.93,6309798.087,22.35,9,233,20694.8240343348,19309,233,88.6480686695279,91,233,15599.356223176,15250,233,18046.6223175966,16656,233,11987.7596566524,12027
340,765027.586,6309794.002,22.316,11,233,16730.5965665236,16162,233,99.5836909871245,99,233,13852.4377682403,13644,233,13803.2532188841,13225,233,10661.2875536481,10611
341,765034.526,6309790.936,22.404,6,233,19826.2660944206,20271,233,61.1587982832618,60,233,13167.6266094421,13155,233,20412.0042918455,20787,233,7733.37339055794,7696
342,765099.621,6309530.276,22.235,9,234,24887.141025641,24989.5,234,58.491452991453,61,234,15021.1153846154,14931,234,25227.8632478632,25247,234,8490.54700854701,8462
343,765095.955,6309531.73,22.298,0,232,19639.4913793103,19810,232,89.1077586206897,90,232,14283.1594827586,14127.5,232,17263.7068965517,17388.5,232,9913.79310344828,9769
344,765093.433,6309531.464,22.242,8,233,17597.0472103004,17083,233,110.429184549356,114,233,14890.4721030043,14823,233,13812.4635193133,13364,233,11364.2961373391,11517
345,765087.031,6309530.817,22.205,5,233,20886.6394849785,20666,233,87.2618025751073,89,233,14891.1201716738,14795,233,18842.6266094421,18621,233,10149.8326180258,10181
346,765075.185,6309531.014,22.226,8,232,17642.375,16948.5,232,106.056034482759,109,232,15022.3620689655,15073,232,14380.0948275862,13771.5,232,13125.3146551724,13265.5
347,765069.331,6309533.236,22.212,8,233,16122.2274678112,15543,233,103.549356223176,104,233,14048.635193133,13856,233,13167.7296137339,12639,233,12507.9613733906,12596
348,765064.305,6309535.21,22.212,10,233,19002.8369098712,18559,233,94.0858369098712,95,233,14953.5236051502,15006,233,16010.5665236051,16007,233,11484.69527897,11499
349,765055.599,6309539.638,22.241,7,234,17108.4444444444,16018,234,101.773504273504,106,234,14633.5641025641,14376.5,234,14575.047008547,13464.5,234,12420.3162393162,12414
350,765047.83,6309542.218,22.186,12,234,20468,19200.5,234,94.5128205128205,96,234,16103.2820512821,15632,234,17377.8717948718,16350.5,234,12051.188034188,12028
351,765041.562,6309544.014,22.227,5,232,16548.7112068966,15515.5,232,104.616379310345,107,232,14790.9913793103,14580.5,232,13602.5387931034,12597,232,12708.2586206897,12643.5
352,765036.757,6309545.65,22.19,19,232,18160.2198275862,17991,232,119.487068965517,121,232,16833.4310344828,16763,232,13758.775862069,13599,232,14640.2715517241,14712
353,765030.603,6309548.551,22.243,10,235,19700.2085106383,19372,235,103.591489361702,105,235,16189.5404255319,16065,235,16181.6723404255,16029,235,13085.6936170213,13068
354,765024.133,6309550.548,22.244,9,235,18251.7531914894,17345,235,114.548936170213,114,235,16806.7191489362,16592,235,13933.1617021277,13378,235,13859.8042553191,13877
355,765022.792,6309551.101,22.189,19,232,25972.5862068966,25263,232,101.547413793103,102,232,18655.0775862069,18674.5,232,23470.9913793103,22674.5,232,13924.9310344828,13488.5
356,765019.184,6309553.465,22.262,9,232,21062.2456896552,20509,232,95.1077586206897,96,232,16087.5301724138,15977,232,18097.275862069,17702.5,232,11954.0301724138,11900.5
357,765014.761,6309556.127,22.267,10,236,16679.3093220339,14933,236,116.135593220339,118,236,15828.2415254237,15204.5,236,12428.9279661017,11177.5,236,13867.7627118644,14139.5
358,765007.18,6309559.282,22.271,9,232,18803.900862069,17701.5,232,108.245689655172,110,232,16193.3232758621,15866,232,15851.400862069,14987.5,232,13134.7327586207,13207.5
359,764998.766,6309563.638,22.267,10,234,18845.1794871795,17782.5,234,121.333333333333,124,234,17654.5897435897,17393.5,234,14302.7735042735,13320,234,15337.405982906,15407
360,764995.515,6309564.804,22.253,13.5,234,19019.5213675214,18196,234,117.444444444444,119,234,17211.8376068376,17063.5,234,14816.4102564103,14208,234,14734.0598290598,14730
361,764988.999,6309567.082,22.269,9,233,21467.008583691,20418,233,104.37339055794,107,233,17392.4334763949,17144,233,18160.8412017167,17340,233,13222.3862660944,13230
362,764982.536,6309570.75,22.284,10,234,16631.4487179487,15948.5,234,120.431623931624,121,234,16146.6068376068,16082.5,234,12117.0769230769,11545.5,234,14885.1367521368,14977.5
363,764974.163,6309570.109,22.3,10,233,20638.4763948498,20395,233,84.2961373390558,84,233,15039.5751072961,15007,233,19032.8068669528,18830,233,10930.30472103,10881
364,764964.016,6309569.034,22.31,7,233,20218.2145922747,19255,233,93.5450643776824,93,233,15458.1587982833,15202,233,18151.5922746781,17452,233,11737.7038626609,11754
365,764958.681,6309568.148,22.289,8,236,16490.5042372881,15901,236,113.474576271186,114,236,15804.3389830508,15648.5,236,12531.1016949153,12206,236,13616.6228813559,13520
366,764954.379,6309567.171,22.328,8,233,18411.0472103004,17565,233,102.648068669528,104,233,15454.3347639485,15368,233,15916.1030042918,15054,233,12360.1673819742,12473
367,764949.573,6309570.156,22.314,9,232,17213.8405172414,16480.5,232,115.258620689655,118,232,15758.0948275862,15723,232,13959.8060344828,13162.5,232,14177.1379310345,14277.5
368,764941.92,6309575.186,22.269,15,234,17094.4786324786,16427.5,234,118.940170940171,118,234,16482.141025641,16440.5,234,12485.3846153846,11927,234,13912.8333333333,13874
369,764940.023,6309577.854,22.323,8,234,18906.0170940171,17416,234,103.623931623932,106,234,15528.6282051282,15116.5,234,15765.2948717949,14436,234,12560.5042735043,12494.5
370,764935.906,6309580.262,22.335,5,234,18376.0512820513,17834,234,107.970085470085,109,234,15763.6581196581,15780.5,234,14990.1153846154,14609.5,234,13014.0982905983,13045.5
371,764931.471,6309583.112,22.285,10,232,18883.599137931,17708,232,102.120689655172,103,232,16046.2284482759,15949.5,232,15666.3879310345,14559.5,232,12520.1810344828,12760.5
372,764927.041,6309585.525,22.284,12,231,21056.3722943723,20784,231,101.372294372294,102,231,17390.7922077922,17405,231,17544.0432900433,16898,231,12289.3333333333,12236
373,764925.45,6309586.008,22.271,13,232,20010.5732758621,18949,232,88.5172413793103,89,232,15523.3060344828,15376.5,232,18207.8706896552,17098.5,232,10941.7456896552,10940
374,764922.327,6309586.944,22.234,16,234,18306.8547008547,17489,234,103.465811965812,103,234,15962.1965811966,15900,234,15014.2008547009,14138.5,234,12108.9102564103,12065
375,764921.708,6309587.387,22.223,17.5,234,18455.2307692308,17888.5,234,110.260683760684,109.5,234,16735.3547008547,16663,234,14568.4572649573,14038.5,234,12879.688034188,12831.5
376,764919.825,6309587.239,22.241,17,233,16068.3175965665,14998,233,113.922746781116,113,233,15565.7682403433,15024,233,12110.1158798283,11477,233,13235.8154506438,13239
377,764918.703,6309588.577,22.204,18,233,17976.1931330472,17458,233,114.772532188841,113,233,16559.8884120172,16169,233,13938.4935622318,13442,233,13072.69527897,12997
378,764917.617,6309590.276,22.196,18,234,13832.7179487179,13513.5,234,123.337606837607,123,234,15058.2820512821,14879,234,9793.68803418804,9329,234,14317.5683760684,14307
379,764916.237,6309592.561,22.233,17,232,21889.1594827586,20939,232,101.793103448276,104,232,17598.6853448276,17329,232,18067.7586206897,17301.5,232,12657.2629310345,12727.5
380,764916.149,6309597.966,22.26,15,231,16990.329004329,16767,231,116.839826839827,117,231,16402.6926406926,16217,231,13205.1428571429,12967,231,13682.2424242424,13685
381,764915.416,6309606.076,22.247,19,234,18827.1666666667,18364,234,110.923076923077,111,234,16115.6282051282,15848.5,234,15038.0128205128,14646.5,234,12401.858974359,12403.5
382,764915.069,6309607.85,22.269,17,232,17239.8275862069,17121.5,232,111.512931034483,110,232,15520.7198275862,15526.5,232,13405.025862069,13239,232,12360.2629310345,12295
383,764914.531,6309607.942,22.237,20,234,17060.3034188034,16106,234,110.944444444444,111,234,15414.4957264957,15004.5,234,13421.4316239316,12705,234,12296.6752136752,12345
384,764913.779,6309609.559,22.24,20,234,18631.0341880342,17509,234,109.286324786325,108,234,16113.094017094,15756.5,234,14553.1025641026,13707,234,12400.3675213675,12418
385,764912.99,6309610.85,22.181,25,235,14371.6510638298,14164,235,118.685106382979,118,235,15008.8680851064,14795,235,9642.02127659574,9527,235,13654.2510638298,13681
386,764911.583,6309611.192,22.152,25.5,235,14277.6127659574,13510,235,117.829787234043,117,235,14800.229787234,14426,235,9695.64255319149,9194,235,13646.1404255319,13577
387,764910.533,6309611.947,22.153,22,233,12408.3905579399,12377,233,120.081545064378,120,233,14423.7339055794,14411,233,7640.71673819743,7625,233,14614.4549356223,14631
388,764908.452,6309614.336,22.151,27,233,12244.8798283262,12203,233,118.030042918455,118,233,14438.5493562232,14389,233,7563.08583690987,7533,233,14696.1587982833,14706
389,764907.908,6309614.64,22.157,26,234,12929.9017094017,12766.5,234,118.025641025641,117,234,14713.6068376068,14559,234,7935.87606837607,7822,234,14943.9572649573,14926
390,764907.368,6309614.537,22.045,30,232,14369.3965517241,13480.5,232,118.116379310345,117,232,15278.3017241379,14753,232,9225.80172413793,8539,232,14395.6637931034,14348
391,764905.613,6309614.771,22.192,24,232,13386.2284482759,13209.5,232,119.129310344828,117,232,14811.2586206897,14615,232,8570.23706896552,8464,232,14012.8060344828,13927.5
392,764905.475,6309614.743,22.188,24,233,13225.6652360515,12966,233,118.536480686695,117,233,14730.356223176,14576,233,8447.98283261802,8344,233,14143.8454935622,14073
393,764904.655,6309614.961,22.228,20,234,15137.7051282051,14437.5,234,120.376068376068,118,234,15856.3418803419,15389,234,10053.3632478632,9614.5,234,13984.0641025641,14012
394,764903.128,6309615.34,22.166,22,233,12896.4120171674,12435,233,121.472103004292,120,233,14842.669527897,14551,233,8131.80686695279,7864,233,14489.4935622318,14430
395,764902.137,6309614.654,22.172,24,232,15410.5818965517,14310,232,124.560344827586,122,232,16456.4224137931,15641.5,232,10059.3922413793,9767,232,14302.2198275862,14225.5
396,764901.061,6309614.17,22.208,22,233,13731.6652360515,13290,233,122.420600858369,120,233,15046.1888412017,14732,233,9007.97854077253,8810,233,14169.2618025751,14096
397,764900.042,6309614.187,22.23,18,233,14799.5150214592,14225,233,124.729613733906,124,233,15883.0515021459,15531,233,9834.11587982833,9586,233,14560.8454935622,14529
398,764898.31,6309613.36,22.209,20,232,16459.4913793103,15358,232,129.961206896552,129,232,16952.2413793103,16522.5,232,10899.8965517241,10164,232,15399.2844827586,15268.5
399,764898.483,6309616.232,22.26,17,234,13631.7008547009,13237,234,134.384615384615,133.5,234,15844.0341880342,15659.5,234,8680.94017094017,8393,234,15241.4957264957,15192
400,764898.746,6309618.668,22.207,20,233,22632.7381974249,22696,233,115.442060085837,115,233,19295.991416309,19298,233,16449.0214592275,16601,233,14262.5407725322,14355
401,764898.564,6309619.972,22.198,20,233,17552.4678111588,16929,233,125.339055793991,125,233,17088.5407725322,16924,233,12309.1888412017,11769,233,14560.3690987124,14541
402,764898.906,6309621.619,22.222,20,234,24174.9273504274,24114.5,234,107.923076923077,107,234,19744.8974358974,19769,234,18256.5256410256,17853.5,234,13615.4230769231,13695
403,764899.388,6309623.875,22.227,20,234,20788.9829059829,21056,234,119.089743589744,119,234,18617.4615384615,18765.5,234,15055.4700854701,15131,234,14540.6239316239,14348
404,764894.893,6309625.801,22.269,15,232,23438.375,23219,232,84.8491379310345,85,232,17280.9094827586,17283,232,20203.0215517241,19918,232,11590.6551724138,11347.5
405,764892.642,6309623.794,22.244,12,232,20992.6120689655,20429,232,122.375,120,232,19580.599137931,19696.5,232,14740.0905172414,14193.5,232,15202.8017241379,15070
406,764889.532,6309623.72,22.232,20,233,17211.982832618,17080,233,125.115879828326,124,233,17289.0600858369,17416,233,11484.0042918455,11426,233,15034.0686695279,14988
407,764887.491,6309622.887,22.29,9,234,21448.7264957265,20834.5,234,109.970085470085,111,234,18219.4401709402,18293.5,234,15550.688034188,14585,234,13604.3632478632,13647
408,764882.257,6309622.446,22.361,6,234,19707.5726495726,19174.5,234,97.1452991452991,98,234,15731.3290598291,15524,234,16205.6923076923,15734,234,11685.2264957265,11749
409,764878.712,6309620.478,22.332,10,235,18372.9787234043,17740,235,108.574468085106,109,235,15319.914893617,15065,235,14536.4340425532,13914,235,12180.1574468085,12151
410,764876.037,6309618.763,22.354,9,232,17999.2155172414,17341.5,232,107.383620689655,107.5,232,15036.5129310345,14651,232,14082.4267241379,13701,232,12314.9094827586,12328.5
411,764873.639,6309617.94,22.386,7,233,21725.6008583691,21144,233,95.5622317596567,98,233,15757.017167382,15478,233,18625.4978540773,17957,233,11596.9871244635,11587
412,764870.96,6309616.7,22.361,7,233,20874.0987124464,20308,233,99.6909871244635,103,233,15531.0214592275,15311,233,17956.686695279,17427,233,11723.4420600858,11607
413,764863.672,6309612.458,22.404,2,234,21110.4017094017,20696.5,234,73.9615384615385,74,234,14405.8931623932,14287.5,234,20685.4487179487,20223,234,9842.47435897436,9731.5
414,764859.571,6309610.796,22.358,9,234,19542.3931623932,19539.5,234,91.0897435897436,94.5,234,14887.1837606838,14827,234,17527.7692307692,17219,234,11304.952991453,11354
415,764855.069,6309609.144,22.466,1,232,22486.8103448276,22823.5,232,61.2413793103448,60,232,14835.0603448276,14656,232,22459.375,22968.5,232,9348.73706896552,9253
416,764855.526,6309606.654,22.478,0,233,16550.2875536481,16161,233,111.721030042918,115,233,14981.2403433476,14891,233,13720.4120171674,13213,233,12560.3905579399,12499
417,764855.737,6309605.494,22.509,0,233,19063.7725321888,18981,233,82.4248927038627,83,233,14678.4892703863,14465,233,17664.9570815451,17738,233,10762.7682403433,10564
418,764853.762,6309606.264,22.391,7,235,16809.1744680851,16301,235,92.9446808510638,95,235,13897.5191489362,13825,235,14442.1446808511,13895,235,10244.3787234043,10267
419,764846.578,6309601.006,22.359,9,235,22572.6978723404,23641,235,57.731914893617,55,235,15714.2340425532,15880,235,21055.8212765957,22321,235,9050.98723404255,9050
420,764842.897,6309625.359,22.301,16,233,15065.8969957082,13443,233,98.0600858369099,102,233,14277.0600858369,13858,233,11789.7768240343,10255,233,11253.0944206009,11354
422,764827.64,6309733.507,22.275,23,234,15659.9230769231,15683,234,110.068376068376,110,234,16320.3205128205,16285,234,10979.9358974359,10973,234,13591.2478632479,13583.5
423,764819.19,6309845.248,22.462,12,232,14761.0215517241,14306,232,89.323275862069,88,232,13265.4827586207,13225.5,232,11328.5431034483,10881.5,232,10007.2155172414,9999
424,764819.538,6309846.944,22.419,11,232,13413.1896551724,12528,232,86.0646551724138,85,232,12216.3275862069,11917,232,10463.1336206897,9861.5,232,9809.68534482759,9778
425,764818.959,6309848.683,22.437,10,232,14076.3879310345,13418,232,86.7456896551724,85.5,232,12488.1939655172,12239.5,232,11100.0646551724,10554,232,9697.58620689655,9660
426,764813.025,6309849.314,22.451,7,232,23257.1594827586,23432,232,59.323275862069,59,232,14619.0862068966,14607,232,23782.9870689655,23897,232,7640.80172413793,7634.5
429,764783.407,6310039.472,22.249,30,232,12744.7155172414,12683.5,232,143.599137931034,144,232,16917.7543103448,16873.5,232,7903.12068965517,7823.5,232,15052.3275862069,15097
430,764783.1,6310041.114,22.235,34,234,11836.0683760684,11625,234,120.517094017094,120,234,14717.3504273504,14608.5,234,7624.40170940171,7378,234,13437.735042735,13397.5

