desc,NIR_mean,Red_mean,Green_mean,RedEdge_mean,NDVI,GNDVI,NDWI,SAVI,OSAVI,NDWI2,NDWI3,WI,MNDWI3
8.5,9093.14893429628,10534.7266161705,13026.7236656685,5193.67346309671,-0.07344542603032435,-0.17782989995062104,0.17782989995062104,-0.1175090895402675,0.2729421114600775,0.42990556941294467,-0.0068753754413774255,1.1022302762872092,0.06657005058894692
8.0,9750.87764809513,12427.0028187624,14764.1400132129,5831.14939440652,-0.12066640789531051,-0.20449760364766884,0.20449760364766884,-0.19306102956269489,0.2515544507140907,0.43373950431119146,-0.0031984377049650973,0.9939630938933603,0.11746797019034541
6.0,9286.58028007751,11922.3641447948,14289.0591421525,5621.50281838999,-0.12427699426786336,-0.21218847016119688,0.21218847016119688,-0.19883756572357644,0.24584498472941016,0.43532454487921196,0.06130321160328665,0.8825882765522673,0.18558020587115
3.4,10259.3706509293,13853.578745706,16360.7957808509,6472.34065885669,-0.14905717403770738,-0.2292031173267752,0.2292031173267752,-0.23848554424945634,0.22633847321150372,0.4330747616782885,0.006651976439135737,0.973613296948618,0.1557091504768431
4.0,10130.4227194644,13371.1591860107,15764.2157424129,6304.06545390477,-0.13789439704870732,-0.2175660043001837,0.2175660043001837,-0.2206254026680873,0.23282485132454256,0.42867635246947355,0.04863782227906594,0.9018371269038798,0.18653221932777325
6.0,9082.05192460143,11921.6977891306,14169.9639742799,5613.82198537831,-0.1351970911495217,-0.21881595435874673,0.21881595435874673,-0.21630916668066652,0.23600025153100276,0.4324825393051011,0.049207131875289904,1.0217590501802505,0.1844042230248116
7.8,8793.03536821705,11718.4029245948,13906.8014446794,5394.2559901339,-0.14262127865518498,-0.22527765810003836,0.22527765810003836,-0.2281873709179183,0.2395650651160099,0.44104036700038146,-0.028116336941721824,1.0300023743729747,0.11450494171346315
6.4,9114.06770260158,11237.8499361711,13449.9787383898,5404.53330105208,-0.1043529298449733,-0.19216017158656923,0.19216017158656923,-0.166959765569138,0.25550219340113983,0.4267119414444351,0.02427008424704908,1.039674817543809,0.12862301409202237
6.4,8871.94703240578,11348.8927439239,13517.4354526242,5384.75312610074,-0.12249470046331151,-0.2074862235849735,0.2074862235849735,-0.19598570538325544,0.24460035404646865,0.430250830090494,-0.004217658948884997,1.2051521201156667,0.11827704151442651
4.9,8213.56998811149,10508.4896305755,12458.2386949056,4903.58522301968,-0.12257837487994044,-0.20533610637956967,0.20533610637956967,-0.1961191146303562,0.25234013868212596,0.4351301745484293,-0.0074500850912840805,1.156801605528886,0.11512828978865636
9.5,9302.59244086164,11890.4621822827,14032.0147130082,5437.26439363905,-0.12210933192211568,-0.20267846126401268,0.20267846126401268,-0.19536939994067853,0.26223647153581914,0.4414519033955762,0.005785254808694631,1.1043270299691448,0.1278945867308103
7.3,9344.99903117844,12566.3016558041,14819.6440021138,5611.74969173859,-0.14701558207995516,-0.22655600429904152,0.22655600429904152,-0.23521849030937803,0.24960299919458376,0.45067382325199756,0.0136175122188474,1.155722913274392,0.16063309429880257
6.3,9253.30219756022,12264.0506892148,14568.4199586031,5474.18989738847,-0.1399218810741838,-0.22312063444446298,0.22312063444446298,-0.22386876725657245,0.2566025685709198,0.45374480302504056,0.03860419551106267,1.0644092451319334,0.17852607658524647
5.0,9651.36564962797,12673.2193897768,15028.9326376965,5687.54404966319,-0.13535990634607561,-0.2178890597456997,0.2178890597456997,-0.21657002957441282,0.2584161245924771,0.45091589313220565,0.036484939532333595,0.9790812624410334,0.1718448458784092
4.0,9178.73208228712,11804.311836483,14011.5211224175,5339.34624025373,-0.12512864026592446,-0.20839742444683393,0.20839742444683393,-0.20020009980037967,0.26445551241257176,0.448154324022334,0.03699456376183084,1.097158484430648,0.16212320402775532
5.3,9468.22051440148,12769.4620805074,14977.741389941,5658.18990575178,-0.14845258951855478,-0.22537549952414965,0.22537549952414965,-0.2375177347093656,0.2518793621766014,0.45161768328500085,0.031249460787968905,1.071473821038636,0.1797020503065237
10.0,9156.32107627268,12744.9835300335,15008.5202131407,5462.56284128941,-0.1638561043860152,-0.24217825669858092,0.24217825669858092,-0.2621625849088973,0.2526703307730524,0.4663142319568416,-0.013330482669397396,1.00556613247419,0.1505256217166178
6.0,8893.66760625413,12234.7121338912,14333.3749394407,5236.887381634,-0.15813065501131934,-0.234197157149257,0.234197157149257,-0.2530018633158358,0.2587853221444242,0.464811733668533,0.1416980375516119,0.755315958679947,0.2998286925629312
6.9,9199.8998943476,13198.5480278218,15347.3092533897,5547.27372776897,-0.17852344713208645,-0.25043210908596314,0.25043210908596314,-0.2856298640812531,0.2476831330649507,0.4690227861670052,0.05344360868564293,0.9756086412685152,0.2319670558177294
10.1,9134.33781046327,13461.6955258059,15633.7106746521,5552.33675356702,-0.19150961812384723,-0.2624095664256592,0.2624095664256592,-0.3064072528643049,0.243894629875511,0.47584968150581125,0.042886015605470014,1.0220733848076844,0.23439563372931724
11.3,9434.19082019205,13653.5915778346,15903.0067394943,5696.62725751035,-0.182754700512215,-0.2553090531841094,0.2553090531841094,-0.29239992199735426,0.24701662153942475,0.4725255753592551,0.05983482031309282,0.937760232410185,0.24258952082530783
10.6,10040.66267342,15044.5759524334,17370.2791896058,6225.30213609337,-0.1994764073663727,-0.2673974704266769,0.2673974704266769,-0.31915461810274937,0.23456097329653416,0.47233322627969576,0.00596676055789418,1.0447706998166573,0.2054431679242669
11.0,9443.76618800106,13777.4007576425,16041.1907761431,5745.98286494582,-0.18662432339363794,-0.2588752493254836,0.2588752493254836,-0.2985912022826109,0.24343939522410032,0.47253526688662884,0.03719485381809964,0.9743726643892724,0.22381917721173758
9.0,10063.1041345603,14619.4930650346,16893.0360177887,6158.64884857558,-0.18459924997475874,-0.25337202747230964,0.25337202747230964,-0.2953516203678236,0.24069256202111997,0.4656660557110137,0.014204448178560381,1.06248086738563,0.1988036981533191
8.0,9674.8599674138,13688.1749086265,15930.7188779779,5836.98793429918,-0.1717805483108922,-0.24431624640619998,0.24431624640619998,-0.27484181892114096,0.24741552762974184,0.4637020808267141,0.014217042172106193,1.0286306938480727,0.1859975904829984
7.4,9617.56544710078,13496.8462994761,15756.3499317571,5842.92030995465,-0.1678295296850814,-0.24193288237144883,0.24193288237144883,-0.26852027729208006,0.2441479004256746,0.45897058145316333,0.020967982415691377,1.0883342625115429,0.18879751210077278
5.0,9140.06253578192,13301.3430660149,15537.2513762276,5674.34962786806,-0.1854286939094313,-0.2592335966246475,0.2592335966246475,-0.2966779781856792,0.2339419795823999,0.4649767712703605,0.019476004163200517,1.0392851080188557,0.20490469807263184
7.3,8881.16135993306,13051.6449112608,15283.9889021007,5522.36662703131,-0.19014819625727403,-0.26496121367915604,0.26496121367915604,-0.30422879144349063,0.23319250227732824,0.46916540772369575,0.0077557762174273815,1.0446533622436445,0.1979039724747014
7.3,9242.34341699692,13668.8438132981,15952.1377366799,5722.28538088948,-0.19320257618287465,-0.26632000392291344,0.26632000392291344,-0.30911602673741706,0.2352252156501612,0.4719780683573562,0.051698671909214594,0.9831149263153712,0.24490124809208924
3.3,9661.43235268211,13217.6316832555,15588.8876508412,5752.86765612613,-0.1554346508662872,-0.2347477298240973,0.2347477298240973,-0.2486889195566919,0.25356744674247267,0.4608814904509731,0.041380305085812474,0.8992636491731918,0.19681495595209966
5.6,9185.08164253334,13476.6899344219,15742.5030148321,5677.14836494873,-0.18937655766739342,-0.26305883471791625,0.26305883471791625,-0.30299447009350655,0.23603007595889822,0.4699121601663697,0.05747259131753293,0.9737475557188352,0.24684914898492635
12.3,8959.03612175675,12468.2995022246,14663.708162636,5345.66032333377,-0.16377506947435416,-0.2414906571480882,0.2414906571480882,-0.2620327738181489,0.25260066246726387,0.4656842541450465,0.03696185573611436,1.080001273756761,0.20073692521046851
7.0,9538.93234970271,13236.5126624092,15627.2840343537,5745.38912133891,-0.16234942108661887,-0.24192558753123297,0.24192558753123297,-0.2597522307838911,0.248198340734407,0.46236120493812666,0.039068171029414525,0.9372759334550429,0.20141759211603338
7.5,9409.57533462487,13544.529059528,15898.9453592814,5704.19271750616,-0.180140059219929,-0.2564104833760208,0.2564104833760208,-0.2882165610257325,0.24516603697621608,0.47191072915140236,0.009390104713761664,1.0253926701678133,0.18953016393369068
6.5,9027.42703012154,12031.221551876,14125.8969085785,5293.23810991721,-0.14263947233168234,-0.22020466227464774,0.22020466227464774,-0.22821665341448116,0.2607552710498073,0.4548430602212017,0.017040350567929186,1.0434114623329265,0.15967982289961152
6.9,9383.99938361291,12864.658213358,15165.061154405,5660.57297582882,-0.15644354337220645,-0.2354901427628665,0.2354901427628665,-0.2503029192466329,0.24749300404323746,0.45638409467579893,0.03541190058233471,0.9752304153194772,0.19185544395454115
7.6,9071.66757649131,12487.4484701739,14613.9795729694,5489.11626678406,-0.1584378917154605,-0.23399453523499272,0.23399453523499272,-0.2534935719033967,0.24604110247552272,0.45390338776284944,0.02265781567409644,1.0494657175024862,0.18109570738955694
2.3,9378.69302919547,13546.9447355674,15821.648773614,5826.59830904047,-0.1818161723194724,-0.2556693792026358,0.2556693792026358,-0.29089826244607425,0.2336091194269153,0.46170253075973094,0.0261725327646557,1.0088107322775937,0.2079887050841281
3.0,9538.14507178719,13666.3170087202,15928.7913767286,5925.40460671188,-0.17790422904915462,-0.2509389505039526,0.2509389505039526,-0.28463940653023206,0.23362944085849582,0.4577330036573553,0.032440565975481825,1.066662009228371,0.21034479502463643
2.0,9716.11689340906,13644.2780346057,15891.9815964426,5948.72077664773,-0.1681547402473845,-0.24116842199279256,0.24116842199279256,-0.26904067422134986,0.240500169622739,0.4552628688373063,0.03461166833967178,1.026774375181662,0.20276640858705627
8.0,9155.76318223867,12922.7710673539,15152.9494735915,5573.70640059909,-0.17061856745244514,-0.24670933324453415,0.24670933324453415,-0.2729822894344505,0.24318980133631304,0.4621702184441992,-0.029362384877677748,1.1055733237366148,0.14125618257476738
11.0,8999.94015061435,12734.2952833928,14879.8312855067,5460.16347381865,-0.1718190246037077,-0.2462289536824587,0.2462289536824587,-0.2749028503384414,0.24479607952564025,0.4631106312045327,0.05401169673377379,1.1215969902193268,0.2258307213374815
6.5,9157.44801162637,12649.7773814242,14835.0649139032,5477.8241951821,-0.1601455163072121,-0.2366411938549164,0.2366411938549164,-0.25622577634252114,0.2514216178864424,0.46065533408223586,0.037313526697834554,1.1096468436242595,0.19745904300504666
10.6,9626.44468919336,12975.9421560421,15264.8253227014,5738.38856337284,-0.14819220154860802,-0.22652040779010604,0.22652040779010604,-0.23710122841962644,0.2530490283824685,0.45357043026852545,0.00992558753613147,1.2103723527569248,0.15811778908473947
7.5,9446.59763991018,12703.2209061688,15008.915547532,5647.63748844172,-0.14702708554852323,-0.2274463784500769,0.2274463784500769,-0.23523696471803968,0.2516828523714178,0.4531868430704515,0.020841912798151178,1.103254565240785,0.1678689983466744
6.6,9292.40915096001,12214.9251365158,14517.0811608244,5471.66527215078,-0.13588462179888258,-0.21943653314067213,0.21943653314067213,-0.21740932971011265,0.2587865496551865,0.4525254206912902,0.04384085134067144,1.0286351007647225,0.17972547313955403
4.0,8855.74305463831,12570.6784660767,14728.5450182715,5390.55408796724,-0.17338104768669846,-0.24901332384838906,0.24901332384838906,-0.27740190826592687,0.24323435991714198,0.4641356395231751,0.025121000868909546,0.9890015294621822,0.198502048555608
7.6,9502.78099810598,14130.3855878078,16453.6061313483,5951.66911861868,-0.19580975629647696,-0.2677886216820522,0.2677886216820522,-0.31328765631187844,0.22977924498551522,0.46872608774333613,0.006231875179953102,0.9084164808181971,0.20204163147643006
9.0,9443.35048231511,14258.0688895741,16648.956173193,5902.78364092851,-0.20314050950760482,-0.2761582479468821,0.2761582479468821,-0.32501658743688555,0.23071392527607157,0.4765119064355036,-0.005030005687573802,1.0003498127258317,0.198110503820031
4.0,9962.21930204573,20852.8848616125,23646.4926113117,5740.23653429603,-0.3534197224103713,-0.4071644680862434,0.4071644680862434,-0.5654605457906968,0.2688740418539083,0.609331374998977,0.03400238694946152,0.9622251650291052,0.3874221093598328
5.0,9991.82102628285,22118.9797342832,24989.9081062867,5904.02503128911,-0.3776660320129173,-0.42874058692656103,0.42874058692656103,-0.6042543605456383,0.2571612722083783,0.6177874144416958,0.04695832247177663,0.9455492145071631,0.42462435448469393
5.5,9382.61723524034,20992.0030313237,23826.0185247558,5451.57224654766,-0.38220677967990313,-0.43492907669860686,0.43492907669860686,-0.6115187679537619,0.2649989737234273,0.6275942041043187,0.022273100175965444,0.9941972063686664,0.4044798798558686
1.5,9345.52393783381,22318.9893181928,25158.7710147717,5651.02805177308,-0.40971624213708036,-0.4582979335951854,0.4582979335951854,-0.6555335659386514,0.24635635502221703,0.6331668350340317,0.04244280803786173,0.9244287192214931,0.45215905017494207
5.5,9184.2856593063,19733.1358060326,22613.8675133497,5226.91792947515,-0.364792212174602,-0.4223384226475084,0.4223384226475084,-0.5836554293658097,0.27460355448116797,0.6245136158094824,0.026368610067452787,1.0282511987530913,0.3911608222420548
2.5,9508.21461560666,21337.1036755509,24230.9519869143,5498.44299047436,-0.38349058188630314,-0.436369325441713,0.436369325441713,-0.6135729958584593,0.26719951440135836,0.6301005792646422,0.03321922297582783,0.9241073245782488,0.41670980486213094
7.0,9531.41348282167,21413.2927533442,24306.8408719084,5583.85848330286,-0.38397130610456,-0.4366486295124544,0.4366486295124544,-0.6143421780269162,0.26116334581116646,0.6263815431719332,0.060266354497999705,0.8932204271895114,0.4442376606025597
4.0,9273.61223606368,22558.4361983551,25319.6834688086,5715.45144533692,-0.4173411582248991,-0.4638491622665752,0.4638491622665752,-0.6677332671033338,0.23738379303451462,0.6316786467242408,0.03201550396314478,1.0246846763421675,0.4493566621880439
5.0,9436.3021073903,22256.0421959199,25041.4439472671,5690.2952752117,-0.40450589473088,-0.4526149074576408,0.4526149074576408,-0.6471971788214392,0.24764371903539295,0.6296795808387233,0.05085554187260607,1.0769552639924027,0.45536143660348605
7.0,9343.09825810798,22701.4431238572,25460.3855740545,5756.98907708594,-0.4168680308611737,-0.4630940797096946,0.4630940797096946,-0.6669763609539745,0.23748930065217974,0.6311676339588908,0.020744328726942738,0.9751458454608394,0.43761235958811645
9.0,8688.23348250806,20464.922814109,23406.9411962851,5669.23896828834,-0.40395932473930823,-0.4585956568574903,0.4585956568574903,-0.6463216176622829,0.21027339767260061,0.6100423827201505,0.022667284874921544,1.0911216131400934,0.42662660961422977
5.5,8264.46078337022,21109.5785294967,24047.3532383794,5666.2788470792,-0.43729490552223244,-0.48845578414091684,0.48845578414091684,-0.6996575574904144,0.18650710624236966,0.6186074572921572,0.021761645180141665,0.9659622044995761,0.4590565507023741
9.0,9286.61554379211,23332.2010587103,26435.1319056785,6277.61674687199,-0.43059764203219614,-0.4800581602605929,0.4800581602605929,-0.6889435546233861,0.19332780060890054,0.6161975373241803,-0.004131686246545004,0.9807558240144966,0.4264659557856511
2.5,9227.93502743286,25110.6680623737,28218.7244681875,6274.37443449803,-0.46253288153284366,-0.5071424179498772,0.5071424179498772,-0.7400396797049985,0.1905239087239167,0.636195376228749,0.023591863250937966,0.8973992418007737,0.48612474478378165
2.0,9191.86881616939,23968.7927333975,27205.3096727623,6162.635466795,-0.4456160772046211,-0.494913111522388,0.494913111522388,-0.7129728231908528,0.19728630071993158,0.630625413640514,-0.007155900118751425,0.9889820425551966,0.43846017708586965
4.0,8309.77047444904,23883.875805986,26820.3364450005,5958.61408911558,-0.4837633238519419,-0.5269145924603837,0.5269145924603837,-0.7740068928280067,0.16478083940471527,0.6364365550438291,0.009926420318764798,1.0585754081005179,0.49368974417070666
7.0,8108.36206149848,23467.5702324238,26422.5650353688,5868.28530869544,-0.4864213676402408,-0.5303710184929216,0.5303710184929216,-0.7782593998838359,0.1602728246246052,0.6365357216568837,0.038813317147952685,0.9170384100719264,0.5252346847881935
6.5,8624.7606948655,24233.9083297243,27208.2155815408,6186.9399451422,-0.47503895009191305,-0.5186132110078534,0.5186132110078534,-0.7600484416462413,0.16458749801751546,0.6294708111061927,0.030391711471354877,0.922266838264431,0.5054306615632679
3.8,8490.21653600115,23947.4670771007,26934.6984753018,6056.8134288875,-0.47652140410100796,-0.5206641126285162,0.5206641126285162,-0.7624201440723013,0.1672783456820408,0.6328259555683837,0.016206489938274303,1.0153120975438432,0.49272789403928224
5.4,8552.53224564443,24843.5890364809,27773.3942150351,6205.32568100876,-0.48781284069524455,-0.5291224159195502,0.5291224159195502,-0.7804865227680087,0.1590479171368452,0.6347522390488144,0.025507889669411414,0.95098474815963,0.513320730364656
5.0,8583.1220169361,22154.8725461894,25193.3622016936,5920.51096997691,-0.4415301232935509,-0.4917693646633589,0.4917693646633589,-0.7064344077999811,0.18358235135718967,0.619429510603804,0.02029028545057758,0.9666192175722684,0.4618204087441285
6.0,10096.9591394744,24371.1561748003,27487.4928289537,6702.80652613341,-0.4141275757370567,-0.4627055279158465,0.4627055279158465,-0.6625925871702893,0.2020357117414703,0.6079117964706493,-0.00022173948228166733,1.0825330905332051,0.41390583625477506
2.0,10962.9935043064,24588.5545397681,27943.1860174181,6912.45031997306,-0.3832621020769508,-0.4364394736735914,0.4364394736735914,-0.6132090142545492,0.2265981882268936,0.6033668556176796,0.007059310545267529,1.0891141354154374,0.3903214126222183
7.0,12375.216654633,26982.4502045728,30582.5965824308,7669.11456077016,-0.37114073865694996,-0.4238432675173641,0.4238432675173641,-0.5938161292393679,0.2347846901595008,0.5990184840589383,0.016247995188166327,0.9285568796275074,0.3873887338451163
6.7,13540.6666506302,25605.8750120273,29230.7402097566,6864.79789281247,-0.30820623863451746,-0.3668355733619305,0.3668355733619305,-0.4931224237157979,0.3271608320214906,0.6196317742483592,-0.06776806099972107,0.9884388641142215,0.24043817763479639
4.0,13896.2071703561,26310.6618383061,29838.6807507218,6000.84278152069,-0.3087645214372554,-0.36452531007132805,0.36452531007132805,-0.49401586218821025,0.3968108040102035,0.6651270893084211,0.025840361790602166,0.9639305799929788,0.3346048832278576
3.5,13392.5385281385,24952.9560846561,28341.6654160654,6269.25161135161,-0.3014804652607161,-0.35819844336585344,0.35819844336585344,-0.4823611968102885,0.36229086295046875,0.637729817653463,0.007579774657313113,0.9474227117537725,0.3090602399180292
8.0,11031.7856283969,23944.9178009716,27073.9450242894,6277.13784810735,-0.36919237396546856,-0.42099073081968563,0.42099073081968563,-0.5906976653543744,0.2746934427634207,0.6235721717268339,0.011400374389531717,1.1062358645428485,0.3805927483550003
9.0,9880.62447663506,22326.9141440878,25339.6384330333,5866.65484383272,-0.3864402621392681,-0.43892386595883603,0.43892386595883603,-0.6182929011337399,0.2548992464739682,0.6240082222016536,0.06666064408284385,1.0358210749933043,0.4531009062221119
7.4,9824.83627531143,22532.5288826896,25435.5375883796,5647.07998653263,-0.3927295237213073,-0.44272648308879997,0.44272648308879997,-0.6283555864073728,0.27002190407931176,0.636640641804211,0.04663837858419251,1.0321243927562194,0.4393679023054998
7.0,8827.51679499519,19793.4238209817,22623.0963426372,5309.60120307988,-0.3831427895093385,-0.43864262637013074,0.43864262637013074,-0.6130156121569619,0.24884248631116426,0.6198289696589651,0.003934164372697223,1.0661569288297206,0.3870769538820357
7.0,8678.70654475457,22128.1501924928,24995.1215110683,5848.21304138595,-0.4365730578243977,-0.48454291977927644,0.48454291977927644,-0.6985032883407011,0.19484471477828416,0.6207794568100224,0.031893986078379184,1.0811642453187922,0.4684670439027769
7.0,8256.47387161967,19240.9497161005,22160.9095370994,5294.5794437494,-0.39947291095978493,-0.45712135980421176,0.45712135980421176,-0.6391427112971818,0.2185730038056161,0.6143154144919756,0.0535537099288308,1.0377844212521496,0.4530266208886157
7.6,8145.54039238315,20351.3970475091,23226.4510482785,5504.17354298904,-0.4283216988096143,-0.48071257077893953,0.48071257077893953,-0.685300289170367,0.19351078432121643,0.6168427508073047,0.021810326678672998,1.0062998315901732,0.4501320254882873
10.0,8213.67993262753,21780.1011549567,24756.1117420597,5351.43787295476,-0.45230780283133154,-0.5017451117876711,0.5017451117876711,-0.7236780079690224,0.2110001623793423,0.6445118954293092,-0.004569482253116039,1.0859049444515334,0.4477383205782155
5.6,9776.52908627243,24125.9005437136,27407.7956502911,6248.73906558245,-0.423254958834851,-0.4741585786196019,0.4741585786196019,-0.6771959492257134,0.22013921934165254,0.6286760286919654,0.0042531173534595575,0.9759756693550828,0.42750807618831055
6.9,10105.6099884527,24653.3675423403,28042.0872786759,6542.2807448037,-0.4185323788940493,-0.47018505899906154,0.47018505899906154,-0.6696402470829783,0.21404088366166235,0.6216625534193891,0.01056022105363089,1.024186722116091,0.42909259994768023
7.0,9581.90331119453,24209.0523630763,27523.7467032438,6486.05322937723,-0.43287171848232747,-0.4835340004842347,0.4835340004842347,-0.6925824519180217,0.19267229619399615,0.6185773957960846,0.04645481422102514,1.0037327490669878,0.4793265327033526
4.0,8509.81599845984,20621.4897723444,23785.9827212783,5460.31939163498,-0.4157614447211986,-0.4730078625825149,0.4730078625825149,-0.6652046107342711,0.2182868327093688,0.6265976210904245,0.06828470578737945,0.9746627568025482,0.484046150508578
1.0,6250.40672665159,10036.6002020882,13755.1419429341,3461.49814752442,-0.23246711271151693,-0.375132686447731,0.375132686447731,-0.37193367860623405,0.2871639101967409,0.5978892363042675,-0.09587128152029657,1.3032231113267283,0.13659583119122037
1.0,6687.78344316706,10659.0516619366,14711.0722978498,3717.6402424359,-0.22893330078413804,-0.3749400880021765,0.3749400880021765,-0.36628061217890906,0.2854418321130621,0.5965382568848442,0.004564963919984656,1.1465436715714816,0.2334982647041227
6.0,5432.62828963195,15914.1223959586,18814.7315852778,3500.32263651672,-0.49101122042905815,-0.5518993970759326,0.5518993970759326,-0.7855958716901881,0.21631213124197907,0.6862815029059577,-0.022295665743255068,1.1250995892756614,0.46871555468580306
5.0,4722.62547519369,15382.0360906597,18141.53938694,3068.6100765122,-0.5301959737323011,-0.586897181360424,0.586897181360424,-0.8482882418059052,0.2122917973285179,0.7106470105927535,-0.021345970176676797,1.0926561512339814,0.5088500035556243
9.5,8896.82503850597,22296.5799480169,25216.895696958,5835.42481709665,-0.42957012597054745,-0.4784019540116009,0.4784019540116009,-0.6872989814703278,0.20780262698606622,0.6241553146113208,0.043056151379079435,1.0056898439180415,0.47262627734962687
3.0,8929.4036379385,22893.5660940282,25740.289495212,5650.89047687792,-0.43880764660573046,-0.4848870681580752,0.4848870681580752,-0.7020789973571184,0.22485919249934547,0.6399695403675707,0.05237026978848799,0.8699501164397702,0.49117791639421843
3.5,8358.91395158574,17350.2557870927,19994.4862601665,4630.34987246739,-0.34973287456964575,-0.410376611682641,0.410376611682641,-0.5595595403240133,0.2870496842333672,0.6239284722523654,0.03360378754487567,1.0112304744043294,0.38333666211452144
7.8,8716.48748917332,21153.677413146,24004.7858723896,5176.91203926475,-0.41637500042749925,-0.46722810002789084,0.46722810002789084,-0.6661866190380411,0.2547666928215443,0.6451945973166122,0.049967147815780016,0.9400881176136096,0.46634214824327924
9.0,8185.35516312193,18871.1102396304,21591.2585891637,4781.23501106727,-0.39494275831836695,-0.4502158485033491,0.4502158485033491,-0.6318944005167083,0.2625300951387183,0.6374074379507748,0.01976794630200576,1.0509507034356078,0.4147107046203727
7.7,10025.6270330093,22108.303050717,24956.6310268502,5924.95818496776,-0.3760099056114762,-0.42681647274718176,0.42681647274718176,-0.6016046159057623,0.2570857929036919,0.6162789327758845,0.04154566403055717,0.9970066658216254,0.41755556964203333
1.8,10032.6938736224,21210.7213532894,24074.6533519419,5775.16555175899,-0.3577722665234978,-0.4116989628497025,0.4116989628497025,-0.5724246335682944,0.2693298445599437,0.6130518868211315,0.04235237432675511,0.9850398593772058,0.4001246408502529
3.0,9826.1248375764,21535.3832715723,24290.5278406083,5684.57014293277,-0.3733640102141677,-0.42396899659153575,0.42396899659153575,-0.5973709876004245,0.2670128385509439,0.620713824118,0.044109279048074504,0.9331132073305959,0.4174732892622422
6.0,10441.1745053675,20707.4443267703,23478.0413517547,5833.86838684831,-0.32958988893627944,-0.3843504785400214,0.3843504785400214,-0.5273336645379092,0.2830902596713167,0.6019455273386531,0.08179322923232563,0.917782823646122,0.41138311816860507
6.0,10113.5451614456,19592.3277031904,22340.1218901882,5458.34031086088,-0.31908783104734223,-0.37673945164009076,0.37673945164009076,-0.5105302179730019,0.29894933782191496,0.6072919234607956,0.025205594913539495,1.0843045106817355,0.34429342596088175
7.0,8537.16399672872,21291.923654207,24074.5864242074,5226.18679944196,-0.42759469571233005,-0.4764363220903332,0.4764363220903332,-0.6841377519863199,0.2405647611777765,0.6432731136785307,0.04193989753017689,1.0004717913443066,0.46953459324250696
6.0,8102.84313819809,18777.4274375872,21453.67535716,4749.55716965703,-0.3971159542197897,-0.4517051702506397,0.4517051702506397,-0.6353713444983405,0.26090737046928125,0.6374831109256297,0.005840653485710531,1.1189384230823993,0.40295660770550024
4.4,8729.99802704393,22246.3325633993,25213.5447764785,5476.82185650354,-0.43634395290594585,-0.48561656762958805,0.48561656762958805,-0.6981368019993733,0.2289869370630794,0.6430917934608339,0.03704964683477858,0.9729624732150188,0.4733935997407244
7.4,8492.04634486741,22221.0948553828,25138.2115597478,5357.30367197652,-0.44700893409116815,-0.4949758417581441,0.4949758417581441,-0.7152003226700911,0.22634583349242654,0.6486497354598983,0.05214427783017643,0.9594401500222344,0.4991532119213446
2.8,8852.69916273698,21064.8289385045,23791.6372341449,5244.73621403137,-0.40819314130637535,-0.45762725545356325,0.45762725545356325,-0.6530959281646109,0.25593044779274515,0.638747158050429,0.026542584845568217,0.9660616667476638,0.43473572615194356
6.0,8617.5279087672,23657.8716196709,26486.4802713887,5860.28524684823,-0.4660002333248125,-0.5090288342834515,0.5090288342834515,-0.7455865128589698,0.19044607305555222,0.6376586559454154,0.03861442430707916,0.8698860762064416,0.5046146576318916
5.7,8688.9505988744,21677.039347732,24548.3736591467,6013.86103227668,-0.4277182720436586,-0.4771570339764933,0.4771570339764933,-0.6843357135164437,0.18194408210535498,0.6064514854364143,0.0461863051548569,0.9168806323319975,0.4739045771985155
1.3,8078.74850760639,21784.8193240901,24842.5014442519,5641.6101001348,-0.4589562403838569,-0.5092076686383304,0.5092076686383304,-0.7343152312149386,0.17762935191041787,0.629865538845029,0.03768364975956354,0.9846391418854544,0.49663989014342047
1.0,8031.41604890729,23438.3228073553,26520.0941561567,5782.61591412342,-0.48957847501750024,-0.5351047753779413,0.5351047753779413,-0.7833106254784182,0.16279100416172032,0.6419733266006263,0.07201975039102726,0.9897838424356381,0.5615982254085274
4.0,8574.58003177201,22192.9870986377,25199.8828286718,5863.97713377943,-0.44262216148398936,-0.49224477279166795,0.49224477279166795,-0.7081816480855472,0.1877336403432147,0.6224566334726223,0.07846921900934563,0.9013584763518043,0.521091380493335
7.0,7842.31539683304,20868.6072098956,23759.599653463,5104.06589016701,-0.4537050930578504,-0.5036810026005323,0.5036810026005323,-0.72591297878489,0.2115069412806194,0.6463327997996818,0.021113622593906683,1.1196680848772198,0.4748187156517571
1.0,7629.04277328714,15965.9272036182,19164.1072459584,3984.86922632794,-0.3533331230550904,-0.4305228935151565,0.4305228935151565,-0.5653186213168632,0.3137765764954977,0.6557196184376812,0.07477552362783457,1.0281137215836873,0.428108646682925
0.0,7915.85438621818,17007.2200567826,19845.6299504355,4331.0773302536,-0.3647770539447863,-0.42972398087757707,0.42972398087757707,-0.5836292359768013,0.2927081769504075,0.641714872089881,0.05087936097502453,0.975824633731349,0.41565641491981087
2.6,10679.2903055088,20049.8124127977,23372.8738994467,5417.93865768583,-0.3049396590973846,-0.3727687766785361,0.3727687766785361,-0.48789392820030786,0.3268482830090038,0.6236341960176035,-0.036196352586236505,1.1245147200954513,0.2687433065111481
4.0,10510.7269534257,22122.8294361047,25820.2835835258,5918.46699384142,-0.3558331903538541,-0.4213908835409099,0.4213908835409099,-0.5693226370100679,0.27951827547499186,0.6270510410033686,0.08306990224592976,0.8855713331510697,0.43890309259978383
6.0,10172.6590307522,20935.6493575244,24117.7977284759,5563.57991241157,-0.3459844293824833,-0.40667695958791344,0.40667695958791344,-0.5535644101650695,0.29289585236902704,0.6251130941612709,0.02719445222212067,1.0869342369687391,0.373178881604604
3.5,9278.46488696489,21437.3395863396,24296.0872053872,5332.46253006253,-0.395850765033426,-0.4472918142620035,0.4472918142620035,-0.6333488522690573,0.27007199777775437,0.6400456601706436,0.01581105631661518,1.02970287486459,0.41166182135004115
2.5,10002.6720704252,22431.5226091976,25195.8842601501,5565.39469886473,-0.38320206996170575,-0.43164304942039006,0.43164304942039006,-0.6131119699835605,0.2850243024595441,0.638155831798811,0.04754511276265181,0.9280697608544047,0.4307471827243576
4.0,9548.86477382098,21619.0782483157,24436.6309913378,5293.13782483157,-0.38726371727264736,-0.43806235225732526,0.43806235225732526,-0.6196100198034745,0.2867353593763534,0.6439166508450783,0.03225262164958564,1.0312000074712762,0.419516338922233
6.0,8858.55287212547,21572.8831906091,24211.46680458,5129.95025497931,-0.4178025083099256,-0.46425475649986153,0.46425475649986153,-0.6684708334216475,0.26654764868454334,0.6503270278619352,0.012534027486313945,1.0235575422907466,0.43033653579623954
7.0,7962.74361441147,17990.3693299341,20582.676415412,4363.52301698013,-0.3863746802561255,-0.44210009128664324,0.44210009128664324,-0.6181851968248611,0.29199600374253776,0.6501653064382878,0.026031793115373285,1.0101763517118387,0.41240647337149877
5.4,9424.80863247041,20534.2984313348,23309.5696275623,5106.60451352132,-0.3708217930262082,-0.4241644941228224,0.4241644941228224,-0.5933029865855229,0.2971633987393857,0.6405846551919684,0.013345180409321136,0.9914050918211658,0.38416697343552936
5.7,9544.3852778446,20604.549242242,23368.4331970171,5190.59932643733,-0.36685090668887854,-0.42002017936358427,0.42002017936358427,-0.5869497696969754,0.29547271804695857,0.6365003385759311,0.06394369276482756,0.9611942290291852,0.43079459945370613
6.0,9391.74617531031,20313.426488983,23016.6939286058,5094.64038295006,-0.3676693092176819,-0.4204135623191906,0.4204135623191906,-0.588259012797236,0.29663061765461257,0.6375383447483116,0.03656039926897162,1.0643332876790776,0.40422970848665357
5.7,9579.15299100053,21423.8235237499,24176.3832234467,5253.18023003994,-0.38204946312538657,-0.4324395897523505,0.4324395897523505,-0.6112673111562641,0.2916582776622064,0.6429997856853991,0.06250309896472785,0.9477998372770382,0.4445525620901144
3.0,8908.79925883146,19798.9854653961,22401.2063239965,4786.96645490423,-0.3793461011073422,-0.43092956433597635,0.43092956433597635,-0.6069410765489264,0.3009567256099731,0.6478640551659923,0.08888798424192056,0.988940550810501,0.46823408534926275
4.3,7869.74177093359,19478.8110202117,22096.9325312801,4496.86987487969,-0.4244856880703687,-0.4747670901637398,0.4747670901637398,-0.679162200770576,0.27274018079121837,0.6618106876030558,0.027291899823376178,1.0120122641889948,0.45177758789374484
9.0,6863.32412531883,13548.5580153039,16283.8333894798,3595.8912844699,-0.327516778900092,-0.40698341721389214,0.40698341721389214,-0.5240114431105534,0.31239750907041797,0.6382353032100149,0.03028184201854172,1.0645919963878085,0.35779862091863374
7.5,11470.4061797247,29013.2115228929,32183.9239902851,6705.86232796618,-0.43333097037011864,-0.4744894201764761,0.4744894201764761,-0.6933192770390197,0.2621299223073488,0.6551350386402578,0.044165699007547674,0.9284308638391353,0.4774966693776663
4.5,11054.0128730252,27389.8143313679,30668.994463699,6419.17630643201,-0.42492651346835614,-0.47012386792667454,0.47012386792667454,-0.6798718106628878,0.2652541856550292,0.6538423883875287,0.0316893727772154,1.0216955738241773,0.45661588624557153
5.5,10827.1044487427,27950.2763708335,31296.440286087,6402.37362241914,-0.44157628906814694,-0.48593573893650266,0.48593573893650266,-0.7065111307062815,0.25681165779069864,0.6603408458442483,0.020628030408900502,1.081085818263269,0.46220431947704743
5.5,9109.86565015967,25695.1193721045,28864.777268025,5772.38051545001,-0.4765194902780598,-0.5202132291388952,0.5202132291388952,-0.7624180411889966,0.22425950340896908,0.6666943314728933,0.008887335244827736,1.093052720942746,0.4854068255228875
13.0,8611.56977005805,25491.8002519912,28629.0427035054,5462.86959456419,-0.49497250479994737,-0.5375172856691725,0.5375172856691725,-0.7919420745922343,0.22371762696342193,0.679521081316784,0.04160091550185998,1.0342332148169355,0.5365734203018073
8.8,9187.53563073601,26769.5946104013,29947.0660878172,5718.03513586467,-0.4889728090577779,-0.530464845570138,0.530464845570138,-0.7823434398893441,0.2327653566038239,0.679348442052487,0.014737099343477122,1.053768501958666,0.5037099084012551
8.0,9769.88712942553,26518.1924962886,29682.8218543344,5765.50605065455,-0.4615373847172402,-0.5047292122096282,0.5047292122096282,-0.7384476057925342,0.25775859241885885,0.6747092801608213,0.026173906393627044,0.9731417655123514,0.48771129111086725
5.6,9201.23587113031,26656.6704463643,29719.1642818575,5682.42706083513,-0.48679458361788713,-0.5271767075897364,0.5271767075897364,-0.7788583013773936,0.23642088821683016,0.6789733542863429,0.024592479512198607,0.9587006339868319,0.5113870631300858
9.0,8607.80421090516,25165.3029062444,28109.3385369804,5314.1789634695,-0.49025689694187335,-0.5311288642468858,0.5311288642468858,-0.7843970998105424,0.23657730412273695,0.6820095931915026,0.0020736167387222504,0.9903339021899996,0.4923305136805956
6.5,8448.53813978591,26450.9831789152,29360.2053161824,5469.67126922731,-0.5158364458564243,-0.5530907738510277,0.5530907738510277,-0.8253241242222386,0.21402658797686505,0.6859207206310592,0.05229229674360689,0.9505342075622499,0.5681287426000312
9.6,8613.68137850362,27232.3149322896,29867.4005038917,5662.23363476853,-0.5194062230090648,-0.5523160494900594,0.5523160494900594,-0.8310360467079552,0.2067431573381576,0.6812669889776667,0.010897164737591801,1.098106765799234,0.5303033877466566
9.3,8689.12966963723,26404.0497344495,29175.1869205149,5623.73971554595,-0.5047966689147949,-0.5410386109069707,0.5410386109069707,-0.8076608614117791,0.21417018988970868,0.6767865989453665,-0.008863627190854513,0.9791135948498619,0.49593304172394037
9.0,8346.94352951764,26676.5962922966,29483.1768808495,5537.54769618431,-0.5233523754604161,-0.558714408573217,0.558714408573217,-0.8373494558224724,0.20234056744785753,0.6837559609023184,0.014849785567136575,1.0391670049629662,0.5382021610275527
4.9,8409.65273716882,25357.6326750933,28193.3358373442,5384.98592056138,-0.5019053125238802,-0.5404936555904872,0.5404936555904872,-0.8030342311820409,0.21926393953874873,0.6792581857195674,0.020629764380720974,0.964804525525133,0.5225350769046011
9.6,8550.81947006163,26387.8897386297,29085.7316568447,5516.48747132125,-0.5105245921372199,-0.5456108907944724,0.5456108907944724,-0.816825320135683,0.21570098750131422,0.6811483419090385,0.011906513522655853,1.130733020197309,0.5224311056598757
8.7,9058.97412823397,26152.9357930259,28990.2528233971,5511.02398200225,-0.48545965563972787,-0.5238287421844382,0.5238287421844382,-0.7767222139184712,0.24351067991828296,0.6805321720070492,0.012743034884558632,1.0536553612709552,0.4982026905242865
6.6,9631.83384324665,27024.5582650949,30005.1754701701,5763.57801673715,-0.4744799862038347,-0.5139979524143178,0.5139979524143178,-0.7591555518987788,0.2512603015554252,0.6777311225650152,0.05555318254718031,1.0208901667899164,0.530033168751015
6.7,9691.00319503195,26384.0133651337,29490.7093420934,5509.19611196112,-0.46273049223030205,-0.5053302896932054,0.5053302896932054,-0.7403564739529475,0.2751152796494537,0.6851879431964057,0.014700428754234489,1.0439892177609247,0.47743092098453654
8.9,9819.51111311077,26260.9968505354,29361.5578151714,5563.31067218573,-0.4556888654115032,-0.4987624696465222,0.4987624696465222,-0.7290900602715589,0.27668528572522905,0.6814126487434213,-0.007446096529478336,1.0801805884809506,0.44824276888202486
8.9,9679.26164019974,26105.8043546718,29131.8456970624,5506.36587340861,-0.45903346152348007,-0.5012117765108556,0.5012117765108556,-0.7344412242298872,0.2747924485209227,0.6820640775747918,-0.027170500064838923,1.1602690266390414,0.43186296145864117
6.6,8889.57601510859,26196.8411799092,29083.8876748055,5583.57821844507,-0.4932753626169106,-0.5318006233142384,0.5318006233142384,-0.7892270839030759,0.2284227572866667,0.6778779137974351,0.00255579376037203,0.9947150583196874,0.4958311563772826
10.0,9705.62964629646,28011.7769777698,31118.1328413284,6227.44379443794,-0.48535010675396695,-0.5245107724091534,0.5245107724091534,-0.776547817658761,0.21829974391294849,0.6664963106514823,0.03697785975640876,1.0823685483579288,0.5223279665103757
9.9,8241.86832868329,26041.6513365134,28849.6554315543,5409.77900279003,-0.5191935711869096,-0.5555928959964359,0.5555928959964359,-0.8306951758028988,0.20745403518914468,0.6841874892501526,-0.0014819965721222174,1.0230305515275078,0.5177115746147873
8.9,8474.53053606764,25749.4579060982,28549.717799964,5377.86018168735,-0.5047607878673457,-0.5422172810017424,0.5422172810017424,-0.8076031020433145,0.22354771948579263,0.682980012036474,0.007869968669448155,1.058299051091183,0.5126307565367938
7.8,7901.2577365959,24731.984706729,27407.5716984527,5031.93738754948,-0.515754050470575,-0.5524486162232909,0.5524486162232909,-0.8251913086539153,0.2218570369892276,0.6897648867491161,-0.005215160390480936,1.108362898852116,0.510538890080094
4.0,9369.25797884312,25735.0019356291,28799.6830519919,5600.7614224623,-0.46620393070981614,-0.5090637714431686,0.5090637714431686,-0.745913540024199,0.2517362506592475,0.6743785431829853,0.004717952490927786,1.0066882224186156,0.4709218832007439
6.5,8607.40556955192,26180.5750404895,29209.116834623,5481.41546697859,-0.5051506055475135,-0.5447806925471462,0.5447806925471462,-0.808227029112662,0.22187733767559667,0.6839820490891964,0.022583012140782916,0.9718228255852842,0.5277336176882964
3.0,8492.10855677524,26593.2464909124,29634.8146481915,5531.16236278568,-0.515917194212066,-0.5545348093722398,0.5545348093722398,-0.8254533945350933,0.21114518937656448,0.6854253552483921,0.013328659213882925,1.0443624426490685,0.529245853425949
7.6,8225.79371935034,26515.3620821523,29442.6138030323,5424.73248751518,-0.5264525010998884,-0.5632523772361463,0.5632523772361463,-0.842309454584833,0.2051980406752649,0.6888359416681034,0.0072717825684198885,1.05190106162889,0.5337242836683083
7.0,9421.7375168691,27087.3498875394,30267.2810616284,6009.57341430499,-0.4838689111833884,-0.525221945297808,0.525221945297808,-0.7741775348550237,0.2211195223648115,0.6686827730176094,0.018740588713239203,1.0156196455421544,0.5026094998966276
7.5,8483.92286241173,26110.9106733234,29119.1737957091,5544.74083569469,-0.5095265971638125,-0.5487646701256703,0.5487646701256703,-0.8152284164419092,0.2095126157392859,0.680085709034638,0.03800184154158663,1.0009663857928066,0.5475284387053991
7.4,8618.02600908968,26079.0703325384,29008.5795797147,5509.61238356657,-0.5032422353596117,-0.54191849760405,0.54191849760405,-0.8051736530992728,0.22002358349849246,0.6807705114203304,0.05481463990467592,0.9982368769729536,0.5580568752642876
7.4,9816.84993025244,26051.0416235432,28983.3090941817,5821.26720064798,-0.4526107052861549,-0.49397888168085374,0.49397888168085374,-0.7241650145869195,0.25550280101875666,0.6654884029424174,-0.021855877911038973,1.0461907882244026,0.4307548273751159
11.4,9462.93470434704,26345.3558185582,29232.3919539195,5646.95981459815,-0.47146682703024034,-0.51090038402219,0.51090038402219,-0.7543342837014079,0.25254808264639567,0.6762004149575317,-0.038100665696648134,0.9899524142861486,0.4333661613335922
5.8,9318.9297479748,27010.5054455446,29905.1883888389,5743.2396039604,-0.4869763486090668,-0.5248367488864694,0.5248367488864694,-0.7791492897083965,0.2373954282724216,0.6777844114124478,0.01043636390429522,1.0423584175029554,0.497412712513362
6.5,9257.0536638028,25847.150645495,28716.3844181548,5623.75421708425,-0.4725957277230779,-0.5124458499742153,0.5124458499742153,-0.7561402404307688,0.2441600937127325,0.6724675880421004,-0.025666341711430098,1.1447383559303723,0.4469293860116478
4.4,9188.13795896328,25435.4454193664,28354.5468412527,5553.2346562275,-0.4692555153194235,-0.5105231281215976,0.5105231281215976,-0.7507958137986002,0.24657834773066267,0.672450723050685,-0.005547087970969133,1.0837802526874938,0.46370842734845436
6.3,8610.90943039683,26842.5905696032,29603.1107261766,5579.15261405561,-0.5142420674744765,-0.5493324494457507,0.5493324494457507,-0.8227733836913127,0.21365352785941316,0.6828428825000782,0.024222470142199415,1.042104743617117,0.5384645376166759
10.0,8071.23239595051,25580.0944431946,28302.9743532058,5282.81579302587,-0.5203022790434758,-0.5562112212309499,0.5562112212309499,-0.8324688036289042,0.20880683995332944,0.6854136365394635,0.02475334830184038,1.0323049022606439,0.5450556273453162
11.5,9713.3981273071,27740.072791933,30850.4944179346,6232.89407580805,-0.48130852020354337,-0.5210815571275089,0.5210815571275089,-0.7700812957179776,0.2182641586624836,0.663844415034523,-0.015314575648024025,1.0576380317523526,0.46599394455551935
9.9,8537.28611273562,26235.5238202348,29352.8525349768,5783.08605875208,-0.5089677176395889,-0.5493663302680446,0.5493663302680446,-0.8143342969982863,0.19232740748646435,0.6708164750843313,0.01954304646685129,1.0100685140859127,0.5285107641064403
8.8,10299.0430518692,26676.5807728643,29773.9138062891,6111.32700526339,-0.44292796244968136,-0.48598536971835865,0.48598536971835865,-0.7086732403448996,0.25518717932784607,0.6593960710835761,0.013979171139587106,1.0186834058685048,0.4569071335892685
8.4,9080.53497683207,24565.3952944352,27557.1250618561,5594.57685905799,-0.4602298165857756,-0.5043059536420545,0.5043059536420545,-0.7363545752984368,0.23754218412487166,0.6624862957320092,-0.012716486348242914,1.1371149628057786,0.4475133302375327
6.0,9389.11716535433,25997.8461642295,29157.4414848144,5523.48035995501,-0.4693459804444458,-0.5128427805674824,0.5128427805674824,-0.750940836211364,0.25921954903152483,0.6814686538796222,-0.02374435277666097,1.0327175158866497,0.4456016276677848
3.5,8544.57487401008,24626.4100971922,27684.6311645068,4955.23249640029,-0.4848163308127185,-0.5283046023737886,0.5283046023737886,-0.7756920985062835,0.2658810069747448,0.6963692895362676,0.0016558081056519739,1.0531734767833314,0.4864721389183705
4.0,8324.69437696806,25845.3175888439,28929.0704903284,5060.28600989654,-0.51274852433197,-0.5530817136672291,0.5530817136672291,-0.8203832336116381,0.2438859283107399,0.7022429059601025,0.028563537404466502,1.027030425766764,0.5413120617364365
7.0,9617.75010121913,26411.0416123082,29457.6512213775,5603.83593503981,-0.4661075410082064,-0.5077337774822879,0.5077337774822879,-0.7457596462183504,0.26369881276615204,0.680342370530958,0.010109475109477961,1.0032723159275738,0.47621701611768436
3.0,9190.09232845894,24658.7429471316,27961.2382452193,5317.32458942632,-0.45699210896711684,-0.5052617396713036,0.5052617396713036,-0.7311744136459444,0.26695088181122956,0.6804354433304696,0.018017134686153704,1.0504827525266935,0.4750092436532705
7.0,9977.37519679727,26117.1052134407,29367.9374746975,5797.91799739103,-0.4471523023244712,-0.4928303007729932,0.4928303007729932,-0.7154317910677079,0.26493689517897345,0.6702529815040109,0.022597713854080492,1.1168299983502492,0.46975001617855167
7.0,9501.59648096481,26031.7592925929,29255.1102061021,5496.58055080551,-0.4652012862778662,-0.5096798828815099,0.5096798828815099,-0.7443094899748313,0.2670335149182171,0.6836654314603123,0.004519463704907951,1.0645749667168962,0.4697207499827742
6.0,9488.39368449462,23933.7072106518,27224.7779677028,4886.7389681076,-0.4322084231471798,-0.48310683836400686,0.48310683836400686,-0.691521062716025,0.3201121567079256,0.6956394817550356,-0.015386199069915224,1.1709382850271448,0.41682222407726455
7.0,9874.45192048214,23537.0944499415,26826.3838715481,4917.2297832149,-0.4089197901224266,-0.46189498373078336,0.46189498373078336,-0.6542599150854195,0.33513580379628033,0.6901909255389963,-0.00897453370671013,1.0164964340989702,0.39994525641571643
5.0,9432.94858068289,22407.4631337442,25531.3285347969,4678.1865131135,-0.40748576586974455,-0.46042364613872566,0.46042364613872566,-0.6519649397789751,0.33695106991497115,0.6902839052070722,-0.01857746297509522,1.1057124368583557,0.38890830289464934
4.4,8996.18137232846,20192.5653993251,23482.5899212598,4454.16566929134,-0.3835856371151202,-0.4460269884591093,0.4460269884591093,-0.6137244037469015,0.3376876216637852,0.6811250572849025,-0.05081355760279466,1.2053828222728333,0.33277207951232557
5.0,11021.4789359978,26500.2837339094,30415.6467728868,6002.81555495544,-0.41252872190692,-0.46803844390999017,0.46803844390999017,-0.6600354006098043,0.29479420622741764,0.6703421742017793,0.018273106403903495,0.9557425290198942,0.43080182831082353
6.6,10949.0438596491,26315.6480881691,30309.9755735493,6196.79442195232,-0.4123636457276469,-0.46925331672622694,0.46925331672622694,-0.6597712101668236,0.2771663513703059,0.6605125886121456,0.00651234776697489,1.019026783860417,0.4188759934946218
5.5,9755.4891597697,22820.5559103994,26683.1589150774,5529.22206729039,-0.4010636258172968,-0.4645526288609085,0.4645526288609085,-0.6416899823778879,0.27650290736256217,0.6567020568695657,-0.036026266561481834,1.183157279569839,0.365037359255815
4.4,9064.74652324587,23292.5830145371,26846.2132859265,5500.73207615104,-0.439709849191284,-0.49515431659776715,0.49515431659776715,-0.7035227133270313,0.24468914102433958,0.6598917137566931,-0.03764510049826008,1.1840539082533081,0.4020647486930239
9.0,8470.56564405488,23901.6375762195,1693.50947980183,4678.22308498476,-0.47667660514685933,0.6667656507522475,-0.6667656507522475,-0.7626684326181788,0.28841763581572916,-0.46843045825211876,-0.07284300914327747,1.2860043549136035,0.4038335960035819
7.6,9572.01877352647,26393.5440510792,1831.61609567828,5143.36798970791,-0.46771199882473025,0.6787662676530416,-0.6787662676530416,-0.7483267140655685,0.30095374692313975,-0.47480422227318464,-0.022437703687563048,1.0675834561218682,0.4452742951371672
5.6,8521.26651100734,21219.1152673211,1438.35966835033,4348.26512913371,-0.42695648129058567,0.7111619166326794,-0.7111619166326794,-0.6831165884680451,0.3242543317472192,-0.5028674853860534,-0.08363910087836718,1.3046774364461873,0.3433173804122185
8.0,8289.46432653839,21980.1654600876,1495.92812916746,4400.85763955039,-0.45229166098351703,0.6942528087782139,-0.6942528087782139,-0.7236523134474808,0.3064230125428794,-0.49262931100421425,-0.05712670866486004,1.2444096747524467,0.395164952318657
6.0,9856.31255955784,26623.3850295407,1880.7904040404,5413.87783495331,-0.45962750730130686,0.6795136909212549,-0.6795136909212549,-0.7353919163200417,0.2909220258446389,-0.48433832974428664,-0.03686942718832413,1.043649990017048,0.4227580801129827
5.0,9554.64971886019,27271.8569046031,1960.90045744782,5517.18359858954,-0.48109931704612835,0.6594343427060637,-0.6594343427060637,-0.7697463660945841,0.26788155330753216,-0.4755607338046153,-0.013394228797322327,1.0150927083317887,0.467705088248806
5.5,9651.43388311565,26195.2900181142,1963.80083897416,5538.36094956621,-0.461516544178001,0.661857743565111,-0.661857743565111,-0.738414111160179,0.2707787023363797,-0.4764706775655289,-0.0032030341970967664,1.094673993178972,0.4583135099809042
5.5,9892.35541364849,28068.4356176134,2111.5789172703,5832.35941669844,-0.4788119454359194,0.6481855266682923,-0.6481855266682923,-0.7660870040930408,0.2581920270576046,-0.46837983164066965,-0.025705658434006597,1.0729116811178179,0.4531062870019128
3.5,8584.39252692784,25636.8530168716,1880.99389953293,5081.12610809265,-0.49830040429470873,0.6405304452443324,-0.6405304452443324,-0.79726666842062,0.2563581019060195,-0.45964910186187946,-0.022123858835729038,1.1025561591513555,0.4761765454589797
3.0,9539.52546814695,25661.621670558,1841.4985467194,5208.20512698337,-0.4579991708475947,0.676391413582124,-0.676391413582124,-0.7327861830896236,0.29369402385162746,-0.4775671058093778,-0.06992556280223845,1.2468245089837662,0.3880736080453563
9.4,9134.62174659167,26873.4474687768,1935.98979883688,5312.50457622271,-0.4926347373997517,0.650247000196422,-0.650247000196422,-0.788202446076034,0.26455899152298623,-0.4658229147564278,-0.027967628044339412,1.181385343531279,0.46466710935541233
5.0,9113.92799618775,25308.4728615678,1844.54982130093,5173.65098880153,-0.47046529184007607,0.6633565624676073,-0.6633565624676073,-0.7527313464529121,0.27578339280055264,-0.47435250965011894,-0.01436854554560861,1.0930027616994236,0.45609674629446745
5.0,9559.03524816614,27578.3344288844,1989.55206249405,5505.30599218824,-0.4852066621146164,0.6554466777668039,-0.6554466777668039,-0.7763181170069537,0.269094359408081,-0.4690887944832765,-0.010654622759484051,1.1649865077686061,0.47455203935513235
4.5,9179.83928741545,26238.5479184529,1874.23692483567,5232.57002000572,-0.48163425770586904,0.6608966884526322,-0.6608966884526322,-0.770601758063194,0.27387990329814055,-0.4725516144219676,-0.026341149138250662,1.0959173916021423,0.4552931085676184
9.0,9449.47016490325,27089.7011724335,1917.13416261558,5432.3257077495,-0.48277589123935505,0.6626724908556637,-0.6626724908556637,-0.7724287421363368,0.26993680678927867,-0.4782925013725267,-0.06719429340014044,1.1851245371109227,0.4155815978392146
6.0,9550.7891101372,26705.5038109756,1902.18778582317,5374.59394054878,-0.4731513709403216,0.6678264868421939,-0.6678264868421939,-0.757029665533155,0.2798048904611852,-0.47718981897466894,-0.06721439976837945,1.1904388903904184,0.40593697117194216
7.0,9551.6372212693,26658.2751572327,1966.81403659234,5421.98818372403,-0.4724296970715592,0.6584933177974012,-0.6584933177974012,-0.7558749904293331,0.27579486769905004,-0.46762303876957045,-0.03484565876619253,1.072509111946643,0.43758403830536663
7.4,8732.49144708629,27351.3840949159,2013.02487254014,5258.37261161672,-0.5159892713341429,0.6253274737737082,-0.6253274737737082,-0.8255691066328972,0.24831338657089558,-0.4463169213548897,-0.0514238700241221,1.1236020239481486,0.4645654013100208
3.0,9259.57778624863,27921.6710344499,2055.0521275075,5441.65969409635,-0.5019221742173496,0.6367442606303891,-0.6367442606303891,-0.8030625195942336,0.2597004570027998,-0.45174573161921516,-0.010255003614830427,1.0437256454311994,0.4916671706025192
9.0,10402.1791364849,27269.5294510103,1992.93123332063,5628.71111322913,-0.4477458269605635,0.6784326764567731,-0.6784326764567731,-0.7163819132708754,0.29776687064156787,-0.4770336516189822,-0.026424089119286998,1.076134838522325,0.42132173784127647
10.0,9625.04337877777,26235.241252741,1920.48751072552,5354.94599103823,-0.46319202551348376,0.6673193239694943,-0.6673193239694943,-0.7410948411178562,0.28505343243724807,-0.4720623835652006,-0.03651794525105337,1.1064675400199606,0.42667408026243037
7.8,8943.18620163903,25119.1509433962,1844.03320945302,5063.17619592148,-0.4748929785082262,0.6581077775136608,-0.6581077775136608,-0.7598153816452021,0.2770176792222177,-0.4660555077371253,-0.06110397365181862,1.2064756114333155,0.41378900485640757
9.0,9620.5025728988,27916.1019630265,2029.72450924338,5561.58819325329,-0.4874068823304851,0.6515562323493929,-0.6515562323493929,-0.7798385464796236,0.2673488416163806,-0.46525071781700317,-0.009728642776720095,1.0432589407300636,0.47767823955376504
4.0,8748.46620623958,26301.2277208859,1937.49773755656,5164.68816384854,-0.5007964278130822,0.6373752058781003,-0.6373752058781003,-0.8012605680804159,0.25758199377819035,-0.45439396702549156,-0.030770234124163305,1.0838940895344242,0.4700261936889189
6.0,8789.41981896141,25953.2850404955,1890.20343020486,5153.72310624107,-0.49402789135061004,0.646016832971627,-0.646016832971627,-0.7904309755662036,0.2607515918200016,-0.4633097263508437,-0.022090557381290375,1.0931561206879197,0.47193733396931964
6.5,9448.49899980949,27685.8355401029,1954.27438559726,5528.61630786817,-0.4911179038550353,0.6572282339490606,-0.6572282339490606,-0.785775949951043,0.2617248122495181,-0.4776686001029346,-0.04589933239651211,1.1724058538111857,0.44521857145852317
6.0,8674.24587977517,27101.7339239783,1891.05444412689,5210.91330856435,-0.5150798984482262,0.6420254254677975,-0.6420254254677975,-0.8241140162769757,0.24942692584462825,-0.4674562008788934,-0.04045086200708929,1.1828470787238832,0.4746290364411369
9.0,9126.85971514314,27225.1888724813,1961.89848997285,5351.22412232649,-0.49786270266758736,0.6461464027472987,-0.6461464027472987,-0.7965671767200759,0.26078282424675664,-0.4634580619027789,-0.04293978258084093,1.129915093367446,0.45492292008674645
7.0,9209.98094875214,27233.7605258144,1977.29572299486,5354.77162316632,-0.4945644669782533,0.6465099092456633,-0.6465099092456633,-0.7912901195765842,0.26469446058554047,-0.46064441864950834,-0.03572867264378862,1.1672953637877341,0.45883579433446464
7.0,9433.42924505835,27942.587235056,2016.80390569183,5490.4992140986,-0.49521483916953324,0.647727014963063,-0.647727014963063,-0.792331023321821,0.2642018850298406,-0.4627088120698848,-0.06172566763192552,1.2567485961208469,0.43348917153760774
8.0,9001.4173577352,24981.0788294729,1785.56028977219,5051.13702220951,-0.47023212726064734,0.6689415055597543,-0.6689415055597543,-0.7523581198703259,0.2811076355743113,-0.4776541337751214,-0.03619739568893081,1.1534102654983285,0.4340347315717165
9.0,9965.81783943555,27483.7897120519,1967.8909706331,5573.02965293669,-0.46777451134919995,0.6701962479639589,-0.6701962479639589,-0.7484272272096638,0.2826971684132434,-0.4780767312462383,0.00040288650616704874,1.0973988045183056,0.468177397855367
8.9,8923.07164975466,27252.4555285599,1940.31442046591,5285.84993568672,-0.5066791090135876,0.6427790731317508,-0.6427790731317508,-0.810673128760676,0.25598154597423345,-0.46297528679544825,-0.013903112119819842,1.0484672885605926,0.4927759968937678
6.0,9640.06143946616,28865.9050047664,2042.892564347,5627.56020019066,-0.4992951830762293,0.6502780780134498,-0.6502780780134498,-0.7988598450872204,0.26281115251462916,-0.4673345558447914,-0.02437757379427762,1.1365174651508327,0.47491760928195165
5.5,9019.41220755706,27690.6518320865,1957.33449278125,5220.57630914376,-0.5086136489537633,0.6433671020720695,-0.6433671020720695,-0.8137685378555513,0.266772399005658,-0.4546227873836711,-0.02716648952097087,1.061881754172575,0.48144715943279237
5.0,8873.61887295765,27674.4545800981,1947.55528033154,5172.52936693183,-0.5144138645581202,0.6400473270750265,-0.6400473270750265,-0.8230486715218851,0.2634949769015781,-0.4529404138249705,-0.023784514860878788,1.1176462213405534,0.4906293496972414
6.0,8681.8331825325,27128.880375256,1905.19629506167,5081.26691747226,-0.5151264903715228,0.6400886010388982,-0.6400886010388982,-0.8241885755106129,0.26161011973305315,-0.45460349905122543,-0.0435189945611661,1.1405801024427709,0.4716074958103567
6.0,8946.60772454519,27196.5152395466,1899.62663110772,5105.25678636061,-0.504934438928609,0.6497168383388913,-0.6497168383388913,-0.807881690909701,0.2733694831175797,-0.4576279095893152,-0.032728541441427346,1.1104470867094005,0.47220589748718167
8.0,8559.49078264183,24720.6982803792,1680.63378268947,4787.27504406231,-0.4856104473184843,0.6717552072795324,-0.6717552072795324,-0.7769627080480215,0.2826314470155825,-0.4803161801730302,-0.010610178173842653,1.1328818173718684,0.47500026914464166
10.5,8746.12464872589,22434.4026673017,1525.62519647535,4545.42829245058,-0.43900085075019507,0.7029473615562996,-0.7029473615562996,-0.7023878453061481,0.3160425553632484,-0.4974100626001045,-0.07139013938896911,1.2894918166914326,0.367610711361226
8.0,7906.82205286973,20093.5612764944,1334.91431293165,4141.44196237199,-0.43523472804903995,0.7111117954259247,-0.7111117954259247,-0.6963606430689686,0.3125246994699259,-0.5124808373218432,-0.02954506349556483,1.2151105138745133,0.4056896645534751
8.5,9403.52791152214,25852.2937026267,1767.71006340277,5177.07093483339,-0.4665546011414851,0.6835247682717721,-0.6835247682717721,-0.7464746579728203,0.28986854526521505,-0.4909241734615579,-0.0663825446494125,1.1488427547832984,0.4001720564920726
10.0,8851.03713060057,24754.6033841754,1676.51253574833,4808.97283126787,-0.47324098008434723,0.6814999522429671,-0.6814999522429671,-0.7571720494749115,0.29590493056857337,-0.4829955073910993,-0.04997011831068583,1.2890378065837718,0.4232708617736614
6.0,9248.02030408465,26036.8735999237,1785.59239311758,4877.63976931509,-0.47580852422321845,0.6763358580512167,-0.6763358580512167,-0.7612806936022795,0.3093930132864725,-0.4640461717108531,-0.020505809007628256,1.0614964759577037,0.4553027152155902
5.5,9219.47029113261,22072.629818459,1531.03940534617,4443.36570257779,-0.41074774407316494,0.7151689643426589,-0.7151689643426589,-0.657183789564352,0.34956904926279353,-0.4874671611017723,-0.014572826234361217,1.1518324032079672,0.3961749178388037
8.0,8570.64705041456,25950.1379014581,1826.54483941675,4891.35385495092,-0.5034500482904214,0.6486465078704275,-0.6486465078704275,-0.805506076898031,0.2733095340973572,-0.4562154261277751,-0.053575615018121595,1.2703530365261084,0.4498744332722998
9.5,9042.64088266133,28196.9029644457,2026.76179582499,5282.56319702602,-0.5143527579291866,0.6338082813151145,-0.6338082813151145,-0.8229511533757345,0.2624798686789371,-0.44543119978731455,-0.06659527058975656,1.2239120220559627,0.44775748733943
16.0,8997.14669588832,27334.4182667111,2012.68864643385,5409.93539473057,-0.5047201129293387,0.6343835154923693,-0.6343835154923693,-0.8075388445340068,0.2489894399570019,-0.4576881072591384,0.0027306520960838168,1.0869588057683888,0.5074507650254225
11.0,10182.6786241723,29691.2145681483,2225.63222333381,6084.07136391787,-0.4892558609685294,0.6412674939101594,-0.6412674939101594,-0.7827975984500541,0.251962270475372,-0.4643293349841598,-0.028206534505956494,1.0348232958425143,0.4610493264625729
7.5,7812.50431055013,23882.8819718981,1774.08278161467,4654.50150035723,-0.5070257708216407,0.6298823002266065,-0.6298823002266065,-0.811225876646571,0.2533088424030387,-0.44806423815898416,-0.06638164489540335,1.267330143596286,0.44064412592623736
6.6,8989.9890366557,23076.5846322513,1731.71685971686,4940.80065780066,-0.43929219694758076,0.6769699007873837,-0.6769699007873837,-0.702854363956834,0.2906646692445856,-0.480940483057394,-0.020311168834310955,1.091209768462905,0.4189810281132698
9.0,9362.38354140856,27165.3097779472,2015.64018869723,5510.09577813781,-0.4873816170347936,0.6456959070380689,-0.6456959070380689,-0.7797977783804162,0.2590212217143799,-0.4643340671052241,-0.037421413220570854,1.1918624833705571,0.44996020381422275
7.0,9697.74016385634,28330.7335905497,2141.55854053539,5833.30675431076,-0.48997478960181795,0.6382288184449659,-0.6382288184449659,-0.7839472945158247,0.24881989153128145,-0.4629229557220491,-0.03416613684367795,1.1345952936703967,0.45580865275814
4.0,9767.94592147894,26995.377787307,2035.45049552125,5793.53335239184,-0.46860376396574116,0.6551076616236268,-0.6551076616236268,-0.7497537859033695,0.25540069161422985,-0.48002179208382856,-0.04310719998672587,1.218911728883313,0.4254965639790153
5.0,10220.7779577062,29027.0260525814,2166.71456467899,6113.8908839779,-0.4791668876542934,0.650177053868882,-0.650177053868882,-0.7666553000196717,0.25142150805335095,-0.4766772603492586,-0.03273615228256999,1.1912441405970338,0.4464307353717234
8.0,9541.52385491635,26064.9816977265,1992.12763929269,5551.41570945141,-0.4640572722976383,0.6545538695541612,-0.6545538695541612,-0.7424791242694533,0.2643691858996776,-0.47183238772682257,3.346883926736747e-05,1.1155550807471064,0.4640907411369057
8.3,10068.3927975992,27367.1490973182,2080.99280712618,5809.2873338732,-0.46209445420282924,0.6574324208926583,-0.6574324208926583,-0.7393392769276841,0.2682448209347467,-0.4725173834290243,-0.057299404290424544,1.0951535215090755,0.40479504991240467
5.4,10046.4127929129,27350.0144313203,2055.46213564488,5790.6173556868,-0.4627073472728572,0.6603068288543557,-0.6603068288543557,-0.7403198777124061,0.26872433766266435,-0.4760537060793872,0.024413808956947673,0.919396164064519,0.48712115622980484
6.0,10634.9941386705,27074.2073385752,2041.84693828925,6029.56578508458,-0.4359469985017945,0.6778618701783171,-0.6778618701783171,-0.6975040994506094,0.2763606344636171,-0.4940546324991387,-0.020583999567532534,0.9988056410160293,0.415362998934262
7.0,11284.2490708091,27831.4236157438,2113.73120175355,6261.75617078052,-0.42303182863638317,0.6844701725554558,-0.6844701725554558,-0.6768405436798447,0.2862470876347212,-0.4952577425678755,0.004952338369977586,0.9495719006359211,0.42798416700636077
10.0,9899.50095319798,26813.044323706,1948.8990086741,5484.98084072062,-0.4607020091616586,0.6710274779808888,-0.6710274779808888,-0.7371111679128504,0.2869462989791697,-0.4756711036074163,-0.011245012978905936,1.012113593820084,0.44945699618275264
8.0,10873.8395102896,28131.3902439024,2030.37738185976,5848.15353467988,-0.44244197104769223,0.6853156764444966,-0.6853156764444966,-0.7078962644247552,0.30054347960165007,-0.48457970061465977,-0.049363824889870796,1.0692076108924928,0.39307814615782144
7.7,8418.29445105978,24495.508835437,1743.05429864253,4822.77442248154,-0.48846419371331223,0.6569246186548622,-0.6569246186548622,-0.7815284631198737,0.27154303500096666,-0.46905276616959357,0.014945374818029432,0.8652833920647639,0.5034095685313417
5.5,10579.8479969514,27452.6194922117,2016.34254275235,5753.24422426523,-0.4436412520451899,0.679848834233374,-0.679848834233374,-0.7098148052378019,0.2955107157490012,-0.48096530659471876,-0.0453608256737342,0.9476597977627105,0.39828042637145566
7.0,10036.0760180995,27188.7415575137,2020.01352703025,5644.17866158609,-0.4607857514566113,0.6648973915681861,-0.6648973915681861,-0.7372453192047409,0.2800909453469077,-0.47286981398233063,-0.014241887936157148,1.1070452487278306,0.44654386352045417
8.0,11779.1728624535,29462.8312839577,2242.17562672767,6420.42874845105,-0.42877786343084395,0.6801768919076897,-0.6801768919076897,-0.6860346008696148,0.29444293499214197,-0.4823322110490792,-0.00663502440481321,1.0829596196444016,0.4221428390260307
7.5,11886.1269826149,28432.1392712551,2186.1076446773,6295.42129078352,-0.41038501468430605,0.6893019903978173,-0.6893019903978173,-0.6566062521483539,0.3074933777785685,-0.4845015182257293,-0.030995800077708593,1.1950638376440648,0.37938921460659747
7.3,11578.2516313408,27852.156322934,2125.33446058585,6111.82681590855,-0.4127247354494815,0.6898133895275819,-0.6898133895275819,-0.660349528390036,0.30901077300096597,-0.4839643442090386,-0.08372339798467573,1.1901465015238157,0.32900133746480575
6.0,12079.6257206842,29055.2624005337,2209.67284509458,6351.62090818125,-0.4126822134492023,0.6907233990636195,-0.6907233990636195,-0.6602819105420901,0.31077685236614633,-0.48379931613745014,-0.001818484057716831,1.0616700598107345,0.41086372939148547
4.0,11818.045160061,27750.2801067073,2130.2871570122,6151.81121379573,-0.4026512327532621,0.6945459702871201,-0.6945459702871201,-0.6442322034974,0.31531882216425144,-0.48556825537816267,-0.033392489249674764,1.1931129829091034,0.36925874350358734
5.7,11015.0890508862,28180.8775490757,2154.14798932723,6094.22622450924,-0.43794782951484057,0.6728515125440678,-0.6728515125440678,-0.7007058010313051,0.28761307785668977,-0.47767937450905346,-0.047786063383510456,1.1489638079038798,0.39016176613133013
6.4,10620.297708105,28052.8478105494,2150.36689379139,6017.30528422357,-0.45076628416573017,0.6632333616416377,-0.6632333616416377,-0.7212148652748728,0.27666199427909316,-0.4734443677650131,-0.004456638869834735,1.112542114024854,0.44630964529589545
10.6,10709.516988325,29232.9430545628,2228.78394091017,6186.14734334048,-0.46375275950325706,0.655475018999744,-0.655475018999744,-0.7419932692727604,0.26772369266989526,-0.47027875436569455,0.011601277212648548,0.7709086749556949,0.4753540367159056
11.0,9946.61101057243,28049.479093247,2120.9336603486,5834.81331555386,-0.47644028722983894,0.648489611070696,-0.648489611070696,-0.7622924221330476,0.26054667880715,-0.4668172160897533,-0.010061035331525055,1.0094902932830356,0.46637925189831386
6.6,9440.17016916845,27341.612246843,2043.58999285204,5587.17617345723,-0.4866931644368024,0.6440904435446718,-0.6440904435446718,-0.7786963606743217,0.2563988283667919,-0.4643814399988483,-0.0011720555379092965,1.0754035276775624,0.4855211088988931
10.3,9591.64465408805,29027.3263769773,2150.65971031065,5843.30669906613,-0.5032677257831407,0.6336903484070469,-0.6336903484070469,-0.805215851092921,0.24284740970407628,-0.46192926010097696,-0.0014532838608772524,0.9368832297558821,0.5018144419222634
9.0,9557.31190430804,25536.3997807854,1907.11785169653,5394.49294700724,-0.45532624248647674,0.6672982621403102,-0.6672982621403102,-0.728509532592524,0.2784158165985296,-0.4776172260413841,-0.03352980804747542,1.1557092575729861,0.42179643443900133
8.7,10185.8233724145,28710.8701267753,2100.60356496044,5869.6100467067,-0.4762627639479604,0.6580611148110982,-0.6580611148110982,-0.7620086679705533,0.26883194075392636,-0.47288650786335595,-0.01236813977718635,1.1453834169515609,0.46389462417077404
10.0,9356.38196627608,28252.3463846813,2039.46618081357,5494.70505858817,-0.5024356112780984,0.6420685578660641,-0.6420685578660641,-0.8038841530834925,0.26002654898072747,-0.4586090185612728,-0.029819430858099488,1.0277475036538133,0.472616180419999
6.8,8788.90334873529,25970.4239508408,1882.54470537798,5135.94688705759,-0.49429957185376966,0.6471810206390199,-0.6471810206390199,-0.790865663395794,0.2623336265612411,-0.4635472079479415,-0.05368571029985083,1.237442459365306,0.44061386155391885
7.8,8927.16595217681,29188.8768695818,2126.7792702677,5593.12446413261,-0.5315796031648532,0.6151999621005222,-0.6151999621005222,-0.8505139767802947,0.2296125898624832,-0.449014043843408,0.024984275640912344,1.0352278273585949,0.5565638788057655
9.2,9353.14456568352,26330.0673273931,1972.0749035117,5395.41935483871,-0.47576778717622953,0.6517374504086608,-0.6517374504086608,-0.7612156599224064,0.2683464798452507,-0.46465519093509283,-0.03553543030810238,1.1476707687264958,0.4402323568681272
10.0,10358.4124291093,26289.2756517181,1985.0022399085,5661.64833436592,-0.4347030892500744,0.678370646513093,-0.678370646513093,-0.6955135557753075,0.2931801672969756,-0.48081785073673144,-0.057792957204434524,1.194529698041087,0.3769101320456399
10.0,9502.20480952381,24070.9213333333,1788.61566666667,5237.77404761905,-0.433939826211539,0.6831734823100918,-0.6831734823100918,-0.6942913139551665,0.2893105073782555,-0.4908862902864206,-0.04685332889694928,1.1207699602507075,0.3870864973145897
7.0,9316.98270769817,22640.8149771341,1772.60465891768,5103.32950647866,-0.41691960130781025,0.6803118817109574,-0.6803118817109574,-0.6670588382225202,0.29220263324652584,-0.48440324869937024,-0.04379109281672617,1.3146195239313796,0.3731285084910841
8.4,8263.71,21610.51,22842.64,10833.85,-0.4467664762460744,-0.4686801890932238,0.4686801890932238,-0.7148120055618746,-0.13457949601938685,0.35659268528281896,,,
4.7,12464.86,18612.44,21386.29,13969.28,-0.1978157690661672,-0.2635488011485577,0.2635488011485577,-0.31649911995340735,-0.056912008485995765,0.2097833523826656,,,
6.6,16971.53,24417.29,27385.76,19737.23,-0.17989785647428466,-0.23478057383577763,0.23478057383577763,-0.28783239774802366,-0.07534168955856861,0.16230994680091393,,,
5.7,15876.74,20795.11,24424.93,17076.31,-0.13411840417104676,-0.212105106314453,0.212105106314453,-0.21458593576376825,-0.03640239674324536,0.1770698899599144,,,
1.0,11859.34,18085.06,21605.8,13484.9,-0.2079093252828576,-0.29124217021055343,0.29124217021055343,-0.3326482551344132,-0.06413922847952827,0.23142599036211875,,,
0.0,12643.0,24909.77,28157.42,15269.79,-0.3266541988780055,-0.38025147780341473,0.38025147780341473,-0.5226383677416967,-0.0941070383863455,0.2967639413169761,,,
3.2,17168.59,22917.8,26182.52,19471.37,-0.14342049758035083,-0.20792847057434055,0.20792847057434055,-0.22946936150606467,-0.06284886773893855,0.1470006170339483,,,
